fee_id,account_id,fee_type,fee_rate,billing_date,fee_amount,payment_status,payment_date
FEE00000141,AC000033,Management Fee,0.0009,2025-01-19,3069.93,Paid,2025-01-24
FEE00000696,AC000033,Performance Fee,0.1701,2025-01-19,58620.62,Paid,2025-01-24
FEE00001023,AC000061,Management Fee,0.0004,2025-01-19,491.49,Paid,2025-01-24
FEE00000376,AC000061,Management Fee,0.0010,2025-02-18,1079.34,Paid,2025-02-23
FEE00000214,AC000033,Management Fee,0.0010,2025-03-20,3334.37,Paid,2025-03-25
FEE00000894,AC000061,Management Fee,0.0007,2025-04-19,824.45,Paid,2025-04-24
FEE00000117,AC000061,Management Fee,0.0005,2025-05-19,517.94,Paid,2025-05-24
FEE00000265,AC000061,Management Fee,0.0008,2025-06-18,847.96,Paid,2025-06-23
FEE00000071,AC000033,Management Fee,0.0007,2025-07-18,2347.15,Paid,2025-07-23
FEE00001012,AC000061,Management Fee,0.0010,2025-07-18,1131.38,Paid,2025-07-23
FEE00000616,AC000033,Management Fee,0.0009,2025-08-17,2806.04,Paid,2025-08-22
FEE00000004,AC000061,Performance Fee,0.1363,2025-09-16,13949.64,Paid,2025-09-21
FEE00000463,AC000033,Management Fee,0.0009,2025-10-16,3026.17,Paid,2025-10-21
FEE00000643,AC000061,Management Fee,0.0010,2025-10-16,1140.52,Paid,2025-10-21
FEE00000890,AC000033,Management Fee,0.0012,2025-10-16,3971.97,Paid,2025-10-21
FEE00001007,AC000033,Management Fee,0.0008,2025-10-16,2636.82,Paid,2025-10-21
FEE00001005,AC000033,Management Fee,0.0008,2025-11-15,2720.32,Paid,2025-11-20
FEE00000534,AC000033,Management Fee,0.0004,2025-12-15,1423.54,Paid,2025-12-20
FEE00000657,AC000024,Transaction Fee,0.0008,2025-03-20,3750.62,Paid,2025-03-25
FEE00000678,AC000024,Management Fee,0.0010,2025-03-20,23194.67,Paid,2025-03-25
FEE00000986,AC000024,Management Fee,0.0010,2025-04-19,22901.21,Paid,2025-04-24
FEE00000879,AC000024,Management Fee,0.0009,2025-06-18,22266.84,Paid,2025-06-23
FEE00000927,AC000024,Management Fee,0.0009,2025-06-18,20879.38,Paid,2025-06-23
FEE00001049,AC000024,Management Fee,0.0008,2025-06-18,19618.03,Paid,2025-06-23
FEE00000087,AC000024,Management Fee,0.0005,2025-08-17,11549.99,Paid,2025-08-22
FEE00000544,AC000024,Management Fee,0.0005,2025-11-15,12467.20,Paid,2025-11-20
FEE00001070,AC000024,Performance Fee,0.1900,2025-11-15,355662.16,Paid,2025-11-20
FEE00000325,AC000024,Management Fee,0.0005,2025-12-15,12431.84,Paid,2025-12-20
FEE00000740,AC000024,Management Fee,0.0009,2025-12-15,21625.34,Paid,2025-12-20
FEE00000504,AC000017,Management Fee,0.0010,2025-01-19,167.99,Paid,2025-01-24
FEE00000572,AC000017,Management Fee,0.0010,2025-01-19,173.09,Paid,2025-01-24
FEE00000970,AC000017,Performance Fee,0.1714,2025-01-19,4010.15,Paid,2025-01-24
FEE00001025,AC000017,Management Fee,0.0007,2025-01-19,116.51,Paid,2025-01-24
FEE00001043,AC000099,Management Fee,0.0007,2025-01-19,25709.73,Paid,2025-01-24
FEE00000248,AC000017,Performance Fee,0.1203,2025-02-18,1276.23,Paid,2025-02-23
FEE00000338,AC000017,Management Fee,0.0006,2025-04-19,104.77,Paid,2025-04-24
FEE00000402,AC000099,Management Fee,0.0010,2025-04-19,37332.87,Paid,2025-04-24
FEE00000706,AC000017,Management Fee,0.0010,2025-04-19,171.37,Paid,2025-04-24
FEE00000754,AC000017,Management Fee,0.0004,2025-04-19,75.58,Paid,2025-04-24
FEE00000496,AC000099,Management Fee,0.0009,2025-05-19,31236.99,Paid,2025-05-24
FEE00000680,AC000099,Management Fee,0.0012,2025-05-19,43292.24,Paid,2025-05-24
FEE00000907,AC000099,Transaction Fee,0.0004,2025-05-19,3562.37,Paid,2025-05-24
FEE00000699,AC000017,Management Fee,0.0012,2025-07-18,214.03,Paid,2025-07-23
FEE00000488,AC000099,Management Fee,0.0012,2025-08-17,41242.84,Paid,2025-08-22
FEE00000433,AC000017,Management Fee,0.0005,2025-10-16,91.70,Paid,2025-10-21
FEE00000913,AC000099,Management Fee,0.0009,2025-10-16,33171.34,Paid,2025-10-21
FEE00000159,AC000099,Management Fee,0.0011,2025-11-15,38808.28,Paid,2025-11-20
FEE00000847,AC000017,Management Fee,0.0006,2025-11-15,97.79,Paid,2025-11-20
FEE00001054,AC000099,Management Fee,0.0010,2025-11-15,34123.87,Paid,2025-11-20
FEE00000112,AC000099,Performance Fee,0.1617,2025-12-15,355165.13,Paid,2025-12-20
FEE00000494,AC000099,Management Fee,0.0011,2025-12-15,40978.71,Paid,2025-12-20
FEE00000636,AC000091,Performance Fee,0.1636,2025-01-19,775390.39,Paid,2025-01-24
FEE00000698,AC000091,Management Fee,0.0010,2025-01-19,44378.25,Paid,2025-01-24
FEE00000775,AC000091,Management Fee,0.0010,2025-01-19,42459.84,Paid,2025-01-24
FEE00000016,AC000091,Management Fee,0.0006,2025-02-18,27243.55,Paid,2025-02-23
FEE00000971,AC000091,Management Fee,0.0008,2025-03-20,32494.52,Paid,2025-03-25
FEE00000044,AC000091,Management Fee,0.0009,2025-10-16,38639.37,Paid,2025-10-21
FEE00000540,AC000091,Management Fee,0.0007,2025-11-15,31914.72,Paid,2025-11-20
FEE00001003,AC000067,Management Fee,0.0012,2025-01-19,1449.98,Paid,2025-01-24
FEE00000973,AC000067,Management Fee,0.0010,2025-02-18,1188.42,Paid,2025-02-23
FEE00000466,AC000067,Management Fee,0.0011,2025-03-20,1374.54,Paid,2025-03-25
FEE00001069,AC000067,Management Fee,0.0011,2025-03-20,1377.11,Paid,2025-03-25
FEE00000577,AC000067,Management Fee,0.0004,2025-07-18,546.30,Paid,2025-07-23
FEE00000781,AC000067,Management Fee,0.0008,2025-07-18,944.93,Paid,2025-07-23
FEE00000855,AC000067,Management Fee,0.0012,2025-09-16,1431.96,Paid,2025-09-21
FEE00000998,AC000067,Management Fee,0.0007,2025-10-16,834.83,Paid,2025-10-21
FEE00000029,AC000067,Transaction Fee,0.0002,2025-12-15,104.36,Paid,2025-12-20
FEE00000115,AC000067,Management Fee,0.0007,2025-12-15,831.52,Paid,2025-12-20
FEE00000475,AC000048,Management Fee,0.0006,2025-01-19,1825.18,Paid,2025-01-24
FEE00000529,AC000012,Management Fee,0.0011,2025-01-19,4159.10,Paid,2025-01-24
FEE00000688,AC000048,Management Fee,0.0006,2025-01-19,1861.97,Paid,2025-01-24
FEE00000750,AC000048,Management Fee,0.0007,2025-01-19,2185.79,Paid,2025-01-24
FEE00000242,AC000012,Performance Fee,0.1722,2025-02-18,41844.95,Paid,2025-02-23
FEE00000708,AC000048,Management Fee,0.0010,2025-02-18,3058.85,Paid,2025-02-23
FEE00000228,AC000012,Transaction Fee,0.0002,2025-04-19,223.96,Paid,2025-04-24
FEE00000704,AC000012,Management Fee,0.0009,2025-04-19,3483.08,Paid,2025-04-24
FEE00000967,AC000012,Management Fee,0.0012,2025-04-19,4375.04,Paid,2025-04-24
FEE00000331,AC000012,Management Fee,0.0007,2025-05-19,2568.21,Paid,2025-05-24
FEE00000851,AC000048,Performance Fee,0.1576,2025-05-19,26328.39,Paid,2025-05-24
FEE00000302,AC000012,Management Fee,0.0008,2025-06-18,2854.21,Paid,2025-06-23
FEE00000645,AC000012,Management Fee,0.0010,2025-06-18,3596.47,Paid,2025-06-23
FEE00000461,AC000012,Transaction Fee,0.0005,2025-07-18,780.46,Paid,2025-07-23
FEE00000719,AC000048,Management Fee,0.0009,2025-07-18,2689.49,Paid,2025-07-23
FEE00000792,AC000012,Management Fee,0.0009,2025-07-18,3480.89,Paid,2025-07-23
FEE00001057,AC000012,Management Fee,0.0005,2025-07-18,1701.25,Paid,2025-07-23
FEE00000235,AC000048,Management Fee,0.0006,2025-09-16,1788.03,Paid,2025-09-21
FEE00000334,AC000048,Management Fee,0.0007,2025-10-16,2161.18,Paid,2025-10-21
FEE00000649,AC000048,Management Fee,0.0005,2025-10-16,1403.91,Paid,2025-10-21
FEE00000043,AC000048,Management Fee,0.0012,2025-11-15,3576.57,Paid,2025-11-20
FEE00000541,AC000012,Performance Fee,0.1363,2025-12-15,60780.79,Paid,2025-12-20
FEE00000584,AC000012,Transaction Fee,0.0004,2025-12-15,330.14,Paid,2025-12-20
FEE00000974,AC000012,Management Fee,0.0008,2025-12-15,2924.77,Paid,2025-12-20
FEE00000157,AC000064,Transaction Fee,0.0010,2025-01-19,10105.47,Paid,2025-01-24
FEE00000428,AC000096,Management Fee,0.0007,2025-01-19,651.42,Paid,2025-01-24
FEE00000929,AC000096,Performance Fee,0.1705,2025-02-18,18137.97,Paid,2025-02-23
FEE00000052,AC000090,Management Fee,0.0007,2025-03-20,1498.02,Paid,2025-03-25
FEE00000497,AC000096,Management Fee,0.0011,2025-03-20,1014.01,Paid,2025-03-25
FEE00000524,AC000090,Transaction Fee,0.0008,2025-03-20,531.19,Paid,2025-03-25
FEE00000806,AC000090,Management Fee,0.0008,2025-03-20,1566.25,Paid,2025-03-25
FEE00001024,AC000064,Performance Fee,0.1625,2025-03-20,476233.02,Paid,2025-03-25
FEE00000114,AC000096,Management Fee,0.0012,2025-04-19,1093.95,Paid,2025-04-24
FEE00000362,AC000090,Management Fee,0.0009,2025-04-19,1922.79,Paid,2025-04-24
FEE00000713,AC000096,Performance Fee,0.2000,2025-04-19,26026.64,Paid,2025-04-24
FEE00000676,AC000064,Management Fee,0.0010,2025-05-19,40555.40,Paid,2025-05-24
FEE00000866,AC000064,Management Fee,0.0007,2025-05-19,30371.64,Paid,2025-05-24
FEE00000335,AC000064,Performance Fee,0.1590,2025-06-18,455150.14,Paid,2025-06-23
FEE00000627,AC000090,Management Fee,0.0011,2025-06-18,2250.51,Paid,2025-06-23
FEE00000673,AC000096,Management Fee,0.0011,2025-06-18,987.39,Paid,2025-06-23
FEE00000200,AC000096,Transaction Fee,0.0010,2025-07-18,247.69,Paid,2025-07-23
FEE00000881,AC000090,Management Fee,0.0005,2025-07-18,1027.25,Paid,2025-07-23
FEE00001068,AC000090,Management Fee,0.0005,2025-07-18,983.18,Paid,2025-07-23
FEE00000920,AC000064,Management Fee,0.0009,2025-08-17,36157.04,Paid,2025-08-22
FEE00000062,AC000096,Management Fee,0.0006,2025-10-16,577.97,Paid,2025-10-21
FEE00000092,AC000064,Management Fee,0.0006,2025-10-16,25462.55,Paid,2025-10-21
FEE00000671,AC000090,Performance Fee,0.1622,2025-10-16,49413.53,Paid,2025-10-21
FEE00000811,AC000090,Management Fee,0.0008,2025-10-16,1705.01,Paid,2025-10-21
FEE00000662,AC000096,Management Fee,0.0006,2025-11-15,525.98,Paid,2025-11-20
FEE00000672,AC000096,Transaction Fee,0.0008,2025-11-15,122.98,Paid,2025-11-20
FEE00000734,AC000096,Management Fee,0.0008,2025-11-15,715.49,Paid,2025-11-20
FEE00000480,AC000090,Management Fee,0.0011,2025-12-15,2332.87,Paid,2025-12-20
FEE00000652,AC000079,Management Fee,0.0010,2025-01-19,28477.38,Paid,2025-01-24
FEE00000392,AC000079,Performance Fee,0.1322,2025-03-20,541826.02,Paid,2025-03-25
FEE00000906,AC000079,Transaction Fee,0.0003,2025-03-20,1868.94,Paid,2025-03-25
FEE00000312,AC000027,Management Fee,0.0008,2025-04-19,1709.55,Paid,2025-04-24
FEE00000479,AC000079,Performance Fee,0.1233,2025-04-19,400485.02,Paid,2025-04-24
FEE00000332,AC000027,Management Fee,0.0012,2025-05-19,2545.70,Paid,2025-05-24
FEE00000442,AC000027,Transaction Fee,0.0004,2025-05-19,403.98,Paid,2025-05-24
FEE00000531,AC000079,Management Fee,0.0005,2025-05-19,16408.63,Paid,2025-05-24
FEE00000951,AC000079,Management Fee,0.0010,2025-05-19,30762.97,Paid,2025-05-24
FEE00001033,AC000027,Transaction Fee,0.0004,2025-05-19,443.15,Paid,2025-05-24
FEE00000333,AC000027,Management Fee,0.0005,2025-06-18,1068.72,Paid,2025-06-23
FEE00000549,AC000079,Management Fee,0.0008,2025-06-18,22772.50,Paid,2025-06-23
FEE00000733,AC000079,Management Fee,0.0008,2025-06-18,24820.51,Paid,2025-06-23
FEE00000435,AC000079,Performance Fee,0.1546,2025-07-18,615643.59,Paid,2025-07-23
FEE00000994,AC000079,Management Fee,0.0006,2025-07-18,17259.97,Paid,2025-07-23
FEE00000451,AC000027,Management Fee,0.0009,2025-08-17,1964.25,Paid,2025-08-22
FEE00000898,AC000079,Management Fee,0.0007,2025-08-17,21660.60,Paid,2025-08-22
FEE00001046,AC000079,Performance Fee,0.1520,2025-08-17,455050.68,Paid,2025-08-22
FEE00000873,AC000079,Transaction Fee,0.0006,2025-10-16,3000.83,Paid,2025-10-21
FEE00000960,AC000027,Performance Fee,0.1033,2025-10-16,12667.40,Paid,2025-10-21
FEE00000197,AC000027,Management Fee,0.0005,2025-11-15,1160.34,Paid,2025-11-20
FEE00000069,AC000079,Management Fee,0.0006,2025-12-15,19468.37,Paid,2025-12-20
FEE00000465,AC000093,Management Fee,0.0006,2025-01-19,289.61,Paid,2025-01-24
FEE00000880,AC000006,Management Fee,0.0008,2025-01-19,16501.26,Paid,2025-01-24
FEE00001074,AC000093,Management Fee,0.0005,2025-01-19,241.56,Paid,2025-01-24
FEE00000150,AC000075,Management Fee,0.0011,2025-02-18,2231.59,Paid,2025-02-23
FEE00000066,AC000075,Transaction Fee,0.0003,2025-03-20,288.94,Paid,2025-03-25
FEE00000311,AC000066,Management Fee,0.0007,2025-03-20,1647.80,Paid,2025-03-25
FEE00000701,AC000093,Management Fee,0.0010,2025-03-20,498.73,Paid,2025-03-25
FEE00000383,AC000066,Management Fee,0.0009,2025-04-19,1971.25,Paid,2025-04-24
FEE00000988,AC000066,Management Fee,0.0005,2025-04-19,1189.81,Paid,2025-04-24
FEE00000144,AC000093,Performance Fee,0.1771,2025-05-19,10416.02,Paid,2025-05-24
FEE00000249,AC000075,Management Fee,0.0008,2025-05-19,1508.21,Paid,2025-05-24
FEE00000558,AC000066,Management Fee,0.0006,2025-05-19,1412.52,Paid,2025-05-24
FEE00000550,AC000066,Management Fee,0.0010,2025-06-18,2344.91,Paid,2025-06-23
FEE00000818,AC000075,Management Fee,0.0008,2025-06-18,1678.77,Paid,2025-06-23
FEE00000845,AC000075,Management Fee,0.0006,2025-06-18,1179.22,Paid,2025-06-23
FEE00000987,AC000006,Management Fee,0.0011,2025-06-18,25110.97,Paid,2025-06-23
FEE00000666,AC000006,Performance Fee,0.1912,2025-07-18,242383.93,Paid,2025-07-23
FEE00000989,AC000006,Management Fee,0.0005,2025-07-18,11455.15,Paid,2025-07-23
FEE00000156,AC000075,Performance Fee,0.1671,2025-08-17,34945.73,Paid,2025-08-22
FEE00000632,AC000093,Management Fee,0.0010,2025-08-17,506.79,Paid,2025-08-22
FEE00000803,AC000093,Performance Fee,0.1233,2025-08-17,7540.00,Paid,2025-08-22
FEE00000223,AC000075,Management Fee,0.0007,2025-09-16,1461.47,Paid,2025-09-21
FEE00000400,AC000066,Management Fee,0.0006,2025-09-16,1425.52,Paid,2025-09-21
FEE00000842,AC000075,Management Fee,0.0007,2025-09-16,1495.67,Paid,2025-09-21
FEE00000727,AC000006,Management Fee,0.0008,2025-10-16,17879.59,Paid,2025-10-21
FEE00000512,AC000075,Management Fee,0.0010,2025-12-15,1942.86,Paid,2025-12-20
FEE00000882,AC000066,Management Fee,0.0004,2025-12-15,1022.41,Paid,2025-12-20
FEE00000976,AC000088,Management Fee,0.0009,2025-01-19,3662.36,Paid,2025-01-24
FEE00000007,AC000088,Management Fee,0.0011,2025-02-18,4730.61,Paid,2025-02-23
FEE00000070,AC000088,Management Fee,0.0007,2025-02-18,2838.67,Paid,2025-02-23
FEE00000640,AC000088,Management Fee,0.0008,2025-04-19,3162.29,Paid,2025-04-24
FEE00000743,AC000088,Management Fee,0.0009,2025-04-19,3628.23,Paid,2025-04-24
FEE00000303,AC000088,Performance Fee,0.1504,2025-05-19,43112.37,Paid,2025-05-24
FEE00000040,AC000088,Management Fee,0.0005,2025-06-18,2208.96,Paid,2025-06-23
FEE00000130,AC000088,Performance Fee,0.1431,2025-06-18,33374.11,Paid,2025-06-23
FEE00000720,AC000088,Performance Fee,0.1529,2025-08-17,57389.46,Paid,2025-08-22
FEE00000614,AC000088,Management Fee,0.0006,2025-12-15,2421.61,Paid,2025-12-20
FEE00000126,AC000052,Management Fee,0.0007,2025-01-19,3276.36,Paid,2025-01-24
FEE00000139,AC000052,Management Fee,0.0011,2025-01-19,5018.77,Paid,2025-01-24
FEE00000633,AC000052,Management Fee,0.0007,2025-01-19,3399.45,Paid,2025-01-24
FEE00000736,AC000052,Management Fee,0.0011,2025-04-19,5223.41,Paid,2025-04-24
FEE00000034,AC000054,Management Fee,0.0011,2025-05-19,10725.89,Paid,2025-05-24
FEE00000861,AC000052,Management Fee,0.0008,2025-05-19,3727.35,Paid,2025-05-24
FEE00001026,AC000054,Management Fee,0.0004,2025-05-19,4095.11,Paid,2025-05-24
FEE00000387,AC000054,Management Fee,0.0010,2025-06-18,9301.37,Paid,2025-06-23
FEE00000639,AC000052,Management Fee,0.0008,2025-07-18,3881.88,Paid,2025-07-23
FEE00001044,AC000054,Management Fee,0.0012,2025-07-18,10826.30,Paid,2025-07-23
FEE00000878,AC000052,Management Fee,0.0010,2025-08-17,4814.22,Paid,2025-08-22
FEE00000653,AC000052,Management Fee,0.0004,2025-09-16,2084.42,Paid,2025-09-21
FEE00000026,AC000054,Management Fee,0.0008,2025-10-16,7127.24,Paid,2025-10-21
FEE00000295,AC000052,Management Fee,0.0011,2025-10-16,5111.19,Paid,2025-10-21
FEE00000371,AC000052,Management Fee,0.0006,2025-10-16,2752.87,Paid,2025-10-21
FEE00000647,AC000054,Management Fee,0.0012,2025-10-16,11288.63,Paid,2025-10-21
FEE00000271,AC000052,Management Fee,0.0006,2025-11-15,2928.98,Paid,2025-11-20
FEE00000875,AC000054,Management Fee,0.0009,2025-11-15,8215.60,Paid,2025-11-20
FEE00000993,AC000054,Management Fee,0.0006,2025-11-15,5902.31,Paid,2025-11-20
FEE00001042,AC000052,Management Fee,0.0004,2025-11-15,2024.80,Paid,2025-11-20
FEE00000756,AC000095,Management Fee,0.0004,2025-02-18,121.06,Paid,2025-02-23
FEE00000908,AC000095,Management Fee,0.0007,2025-04-19,181.83,Paid,2025-04-24
FEE00000306,AC000095,Management Fee,0.0004,2025-05-19,116.62,Paid,2025-05-24
FEE00000532,AC000095,Management Fee,0.0009,2025-05-19,252.04,Paid,2025-05-24
FEE00000281,AC000095,Management Fee,0.0008,2025-06-18,206.42,Paid,2025-06-23
FEE00000202,AC000095,Management Fee,0.0008,2025-07-18,213.53,Paid,2025-07-23
FEE00000810,AC000095,Transaction Fee,0.0005,2025-07-18,60.00,Paid,2025-07-23
FEE00001055,AC000095,Management Fee,0.0012,2025-08-17,330.52,Paid,2025-08-22
FEE00000001,AC000095,Management Fee,0.0004,2025-09-16,119.27,Paid,2025-09-21
FEE00000905,AC000095,Management Fee,0.0009,2025-10-16,260.00,Paid,2025-10-21
FEE00001014,AC000095,Management Fee,0.0005,2025-10-16,145.35,Paid,2025-10-21
FEE00000164,AC000095,Management Fee,0.0004,2025-11-15,115.46,Paid,2025-11-20
FEE00000284,AC000095,Transaction Fee,0.0004,2025-11-15,32.61,Paid,2025-11-20
FEE00000316,AC000095,Management Fee,0.0012,2025-11-15,326.74,Paid,2025-11-20
FEE00000901,AC000041,Performance Fee,0.1510,2025-02-18,19625.65,Paid,2025-02-23
FEE00000058,AC000041,Management Fee,0.0009,2025-03-20,873.54,Paid,2025-03-25
FEE00000351,AC000041,Management Fee,0.0009,2025-04-19,876.33,Paid,2025-04-24
FEE00000607,AC000041,Performance Fee,0.1459,2025-05-19,12636.75,Paid,2025-05-24
FEE00000055,AC000041,Management Fee,0.0011,2025-06-18,1059.20,Paid,2025-06-23
FEE00000108,AC000041,Management Fee,0.0012,2025-07-18,1108.87,Paid,2025-07-23
FEE00000319,AC000041,Management Fee,0.0006,2025-08-17,562.51,Paid,2025-08-22
FEE00000791,AC000041,Management Fee,0.0011,2025-08-17,981.20,Paid,2025-08-22
FEE00000199,AC000041,Management Fee,0.0009,2025-10-16,818.32,Paid,2025-10-21
FEE00000236,AC000041,Management Fee,0.0005,2025-10-16,485.60,Paid,2025-10-21
FEE00000132,AC000041,Management Fee,0.0009,2025-11-15,824.41,Paid,2025-11-20
FEE00000931,AC000041,Performance Fee,0.1907,2025-11-15,13286.86,Paid,2025-11-20
FEE00000355,AC000083,Management Fee,0.0007,2025-02-18,270.98,Paid,2025-02-23
FEE00000506,AC000083,Management Fee,0.0006,2025-02-18,205.79,Paid,2025-02-23
FEE00000600,AC000083,Management Fee,0.0009,2025-02-18,339.67,Paid,2025-02-23
FEE00000675,AC000083,Management Fee,0.0012,2025-02-18,437.98,Paid,2025-02-23
FEE00000429,AC000083,Management Fee,0.0010,2025-03-20,363.45,Paid,2025-03-25
FEE00000595,AC000083,Management Fee,0.0009,2025-03-20,316.58,Paid,2025-03-25
FEE00000752,AC000083,Performance Fee,0.1105,2025-03-20,5588.07,Paid,2025-03-25
FEE00000357,AC000083,Management Fee,0.0004,2025-04-19,155.24,Paid,2025-04-24
FEE00000564,AC000083,Performance Fee,0.1966,2025-04-19,6713.04,Paid,2025-04-24
FEE00000398,AC000083,Management Fee,0.0010,2025-05-19,374.60,Paid,2025-05-24
FEE00000341,AC000083,Management Fee,0.0010,2025-06-18,372.58,Paid,2025-06-23
FEE00000518,AC000083,Management Fee,0.0010,2025-06-18,371.26,Paid,2025-06-23
FEE00000808,AC000083,Management Fee,0.0006,2025-06-18,234.98,Paid,2025-06-23
FEE00000143,AC000083,Performance Fee,0.1049,2025-08-17,3210.18,Paid,2025-08-22
FEE00000343,AC000083,Management Fee,0.0008,2025-10-16,304.34,Paid,2025-10-21
FEE00000509,AC000083,Management Fee,0.0010,2025-10-16,362.36,Paid,2025-10-21
FEE00000308,AC000019,Performance Fee,0.1123,2025-01-19,5665.22,Paid,2025-01-24
FEE00000396,AC000019,Management Fee,0.0009,2025-01-19,533.11,Paid,2025-01-24
FEE00000625,AC000019,Management Fee,0.0005,2025-01-19,274.30,Paid,2025-01-24
FEE00000786,AC000019,Management Fee,0.0006,2025-02-18,337.33,Paid,2025-02-23
FEE00000368,AC000019,Management Fee,0.0012,2025-04-19,661.57,Paid,2025-04-24
FEE00000561,AC000019,Management Fee,0.0007,2025-06-18,412.60,Paid,2025-06-23
FEE00001016,AC000019,Management Fee,0.0012,2025-07-18,659.17,Paid,2025-07-23
FEE00000168,AC000019,Management Fee,0.0012,2025-10-16,685.97,Paid,2025-10-21
FEE00000393,AC000019,Performance Fee,0.1727,2025-10-16,8350.63,Paid,2025-10-21
FEE00000670,AC000019,Management Fee,0.0006,2025-11-15,350.25,Paid,2025-11-20
FEE00000100,AC000009,Management Fee,0.0011,2025-03-20,6439.75,Paid,2025-03-25
FEE00000665,AC000009,Management Fee,0.0007,2025-03-20,4303.41,Paid,2025-03-25
FEE00000834,AC000009,Management Fee,0.0011,2025-03-20,6227.04,Paid,2025-03-25
FEE00000871,AC000009,Management Fee,0.0006,2025-06-18,3398.93,Paid,2025-06-23
FEE00000944,AC000009,Management Fee,0.0012,2025-06-18,7250.30,Paid,2025-06-23
FEE00000493,AC000009,Management Fee,0.0008,2025-07-18,4618.00,Paid,2025-07-23
FEE00000838,AC000009,Management Fee,0.0005,2025-07-18,3093.15,Paid,2025-07-23
FEE00000485,AC000009,Management Fee,0.0012,2025-08-17,7136.77,Paid,2025-08-22
FEE00000364,AC000009,Management Fee,0.0012,2025-09-16,7233.25,Paid,2025-09-21
FEE00000954,AC000009,Management Fee,0.0010,2025-09-16,6026.76,Paid,2025-09-21
FEE00000181,AC000009,Management Fee,0.0007,2025-10-16,4202.50,Paid,2025-10-21
FEE00000759,AC000009,Management Fee,0.0012,2025-10-16,7001.82,Paid,2025-10-21
FEE00000405,AC000009,Performance Fee,0.1998,2025-11-15,160280.06,Paid,2025-11-20
FEE00000424,AC000009,Transaction Fee,0.0003,2025-11-15,563.88,Paid,2025-11-20
FEE00000102,AC000009,Management Fee,0.0008,2025-12-15,4782.07,Paid,2025-12-20
FEE00000123,AC000009,Performance Fee,0.1824,2025-12-15,55321.14,Paid,2025-12-20
FEE00000360,AC000074,Management Fee,0.0012,2025-01-19,652.28,Paid,2025-01-24
FEE00000348,AC000074,Management Fee,0.0011,2025-02-18,608.82,Paid,2025-02-23
FEE00000914,AC000074,Management Fee,0.0010,2025-03-20,539.85,Paid,2025-03-25
FEE00000458,AC000074,Performance Fee,0.1027,2025-04-19,5128.94,Paid,2025-04-24
FEE00000142,AC000074,Management Fee,0.0009,2025-05-19,485.22,Paid,2025-05-24
FEE00000486,AC000074,Management Fee,0.0009,2025-07-18,458.30,Paid,2025-07-23
FEE00000565,AC000074,Management Fee,0.0010,2025-08-17,535.69,Paid,2025-08-22
FEE00000658,AC000074,Management Fee,0.0011,2025-08-17,614.06,Paid,2025-08-22
FEE00000702,AC000074,Management Fee,0.0012,2025-08-17,631.36,Paid,2025-08-22
FEE00000079,AC000074,Management Fee,0.0009,2025-09-16,492.95,Paid,2025-09-21
FEE00000910,AC000074,Performance Fee,0.1714,2025-10-16,5759.55,Paid,2025-10-21
FEE00000162,AC000074,Management Fee,0.0007,2025-11-15,360.12,Paid,2025-11-20
FEE00000201,AC000074,Management Fee,0.0007,2025-12-15,396.86,Paid,2025-12-20
FEE00000521,AC000074,Management Fee,0.0012,2025-12-15,668.64,Paid,2025-12-20
FEE00000576,AC000062,Management Fee,0.0010,2025-01-19,33404.77,Paid,2025-01-24
FEE00001019,AC000062,Management Fee,0.0010,2025-02-18,33786.62,Paid,2025-02-23
FEE00000787,AC000062,Management Fee,0.0009,2025-04-19,29561.73,Paid,2025-04-24
FEE00000554,AC000062,Management Fee,0.0010,2025-05-19,31568.52,Paid,2025-05-24
FEE00000324,AC000062,Management Fee,0.0005,2025-06-18,16793.47,Paid,2025-06-23
FEE00000767,AC000062,Management Fee,0.0007,2025-07-18,21658.36,Paid,2025-07-23
FEE00000262,AC000062,Management Fee,0.0004,2025-08-17,14015.18,Paid,2025-08-22
FEE00001079,AC000062,Management Fee,0.0008,2025-08-17,25459.21,Paid,2025-08-22
FEE00000543,AC000062,Management Fee,0.0006,2025-09-16,19262.67,Paid,2025-09-21
FEE00000254,AC000062,Management Fee,0.0006,2025-10-16,18332.11,Paid,2025-10-21
FEE00000685,AC000062,Management Fee,0.0009,2025-10-16,30722.53,Paid,2025-10-21
FEE00000169,AC000062,Management Fee,0.0012,2025-11-15,38849.82,Paid,2025-11-20
FEE00000414,AC000062,Management Fee,0.0010,2025-12-15,34105.70,Paid,2025-12-20
FEE00000370,AC000098,Performance Fee,0.1650,2025-04-19,145958.52,Paid,2025-04-24
FEE00000372,AC000098,Management Fee,0.0011,2025-04-19,16493.90,Paid,2025-04-24
FEE00001072,AC000098,Management Fee,0.0008,2025-04-19,12393.57,Paid,2025-04-24
FEE00000769,AC000098,Management Fee,0.0011,2025-05-19,16734.11,Paid,2025-05-24
FEE00000937,AC000098,Management Fee,0.0004,2025-05-19,6365.14,Paid,2025-05-24
FEE00000323,AC000098,Management Fee,0.0005,2025-06-18,8135.07,Paid,2025-06-23
FEE00000339,AC000098,Management Fee,0.0012,2025-07-18,18205.06,Paid,2025-07-23
FEE00000219,AC000098,Management Fee,0.0009,2025-09-16,13541.01,Paid,2025-09-21
FEE00000889,AC000098,Management Fee,0.0007,2025-11-15,11388.70,Paid,2025-11-20
FEE00000979,AC000098,Performance Fee,0.1261,2025-11-15,207764.51,Paid,2025-11-20
FEE00000061,AC000098,Management Fee,0.0008,2025-12-15,12906.97,Paid,2025-12-20
FEE00000822,AC000098,Transaction Fee,0.0006,2025-12-15,2640.52,Paid,2025-12-20
FEE00000915,AC000098,Performance Fee,0.1741,2025-12-15,157772.52,Paid,2025-12-20
FEE00000129,AC000042,Management Fee,0.0010,2025-01-19,373.19,Paid,2025-01-24
FEE00000403,AC000068,Management Fee,0.0004,2025-01-19,6414.56,Paid,2025-01-24
FEE00000508,AC000068,Performance Fee,0.1517,2025-01-19,248685.26,Paid,2025-01-24
FEE00000788,AC000050,Management Fee,0.0005,2025-01-19,1764.70,Paid,2025-01-24
FEE00000794,AC000070,Management Fee,0.0008,2025-01-19,22549.01,Paid,2025-01-24
FEE00000968,AC000042,Management Fee,0.0009,2025-01-19,328.96,Paid,2025-01-24
FEE00000068,AC000070,Management Fee,0.0007,2025-02-18,20114.32,Paid,2025-02-23
FEE00000317,AC000068,Transaction Fee,0.0003,2025-02-18,1455.71,Paid,2025-02-23
FEE00000484,AC000042,Management Fee,0.0006,2025-02-18,244.48,Paid,2025-02-23
FEE00000674,AC000070,Performance Fee,0.1766,2025-02-18,503219.52,Paid,2025-02-23
FEE00000980,AC000070,Management Fee,0.0007,2025-02-18,20680.62,Paid,2025-02-23
FEE00001038,AC000070,Management Fee,0.0006,2025-02-18,16810.01,Paid,2025-02-23
FEE00000516,AC000068,Management Fee,0.0006,2025-03-20,8999.36,Paid,2025-03-25
FEE00000757,AC000070,Management Fee,0.0009,2025-03-20,26619.39,Paid,2025-03-25
FEE00000902,AC000050,Management Fee,0.0006,2025-03-20,1830.95,Paid,2025-03-25
FEE00000946,AC000068,Management Fee,0.0006,2025-03-20,8334.77,Paid,2025-03-25
FEE00000078,AC000042,Management Fee,0.0010,2025-04-19,373.53,Paid,2025-04-24
FEE00000279,AC000070,Management Fee,0.0005,2025-04-19,14906.06,Paid,2025-04-24
FEE00000755,AC000050,Performance Fee,0.1931,2025-04-19,48660.42,Paid,2025-04-24
FEE00001002,AC000070,Management Fee,0.0005,2025-04-19,13550.88,Paid,2025-04-24
FEE00000590,AC000050,Management Fee,0.0011,2025-06-18,3482.61,Paid,2025-06-23
FEE00000695,AC000068,Performance Fee,0.1687,2025-06-18,190096.86,Paid,2025-06-23
FEE00000939,AC000050,Management Fee,0.0009,2025-06-18,2927.39,Paid,2025-06-23
FEE00000048,AC000068,Management Fee,0.0005,2025-07-18,7242.34,Paid,2025-07-23
FEE00000819,AC000068,Transaction Fee,0.0009,2025-07-18,4028.31,Paid,2025-07-23
FEE00000161,AC000070,Performance Fee,0.1808,2025-08-17,734450.98,Paid,2025-08-22
FEE00000289,AC000068,Management Fee,0.0008,2025-08-17,12564.05,Paid,2025-08-22
FEE00000241,AC000042,Management Fee,0.0012,2025-09-16,454.94,Paid,2025-09-21
FEE00000356,AC000042,Management Fee,0.0011,2025-09-16,426.77,Paid,2025-09-21
FEE00000545,AC000068,Management Fee,0.0009,2025-09-16,13764.78,Paid,2025-09-21
FEE00000690,AC000042,Management Fee,0.0009,2025-09-16,345.35,Paid,2025-09-21
FEE00000751,AC000068,Management Fee,0.0008,2025-09-16,12391.86,Paid,2025-09-21
FEE00001030,AC000070,Performance Fee,0.1302,2025-09-16,207826.67,Paid,2025-09-21
FEE00000155,AC000042,Management Fee,0.0011,2025-10-16,426.10,Paid,2025-10-21
FEE00000622,AC000068,Management Fee,0.0005,2025-10-16,8043.20,Paid,2025-10-21
FEE00000933,AC000070,Transaction Fee,0.0005,2025-10-16,3572.63,Paid,2025-10-21
FEE00000134,AC000050,Management Fee,0.0006,2025-11-15,1982.42,Paid,2025-11-20
FEE00000191,AC000050,Management Fee,0.0012,2025-11-15,3978.43,Paid,2025-11-20
FEE00000238,AC000042,Management Fee,0.0010,2025-11-15,378.95,Paid,2025-11-20
FEE00000648,AC000070,Performance Fee,0.1394,2025-11-15,514119.41,Paid,2025-11-20
FEE00000709,AC000068,Management Fee,0.0010,2025-12-15,14371.36,Paid,2025-12-20
FEE00000809,AC000070,Management Fee,0.0012,2025-12-15,34595.65,Paid,2025-12-20
FEE00000916,AC000068,Performance Fee,0.1654,2025-12-15,169795.89,Paid,2025-12-20
FEE00000510,AC000078,Management Fee,0.0005,2025-01-19,169.05,Paid,2025-01-24
FEE00000739,AC000078,Management Fee,0.0010,2025-01-19,338.84,Paid,2025-01-24
FEE00000179,AC000078,Management Fee,0.0009,2025-02-18,315.10,Paid,2025-02-23
FEE00000450,AC000078,Performance Fee,0.1279,2025-03-20,4972.12,Paid,2025-03-25
FEE00000642,AC000078,Management Fee,0.0010,2025-03-20,346.51,Paid,2025-03-25
FEE00000390,AC000078,Management Fee,0.0009,2025-04-19,308.23,Paid,2025-04-24
FEE00000526,AC000078,Performance Fee,0.1990,2025-04-19,3942.17,Paid,2025-04-24
FEE00000737,AC000078,Management Fee,0.0010,2025-04-19,344.74,Paid,2025-04-24
FEE00000597,AC000078,Management Fee,0.0005,2025-05-19,160.29,Paid,2025-05-24
FEE00000246,AC000078,Management Fee,0.0011,2025-06-18,383.21,Paid,2025-06-23
FEE00000344,AC000078,Management Fee,0.0010,2025-06-18,366.94,Paid,2025-06-23
FEE00000039,AC000078,Management Fee,0.0009,2025-07-18,331.14,Paid,2025-07-23
FEE00000618,AC000078,Management Fee,0.0007,2025-08-17,248.71,Paid,2025-08-22
FEE00000206,AC000078,Management Fee,0.0006,2025-11-15,211.79,Paid,2025-11-20
FEE00000824,AC000078,Management Fee,0.0008,2025-11-15,265.73,Paid,2025-11-20
FEE00000730,AC000078,Management Fee,0.0008,2025-12-15,278.86,Paid,2025-12-20
FEE00000868,AC000056,Performance Fee,0.1319,2025-01-19,4867.37,Paid,2025-01-24
FEE00000446,AC000056,Management Fee,0.0005,2025-02-18,211.25,Paid,2025-02-23
FEE00000574,AC000015,Management Fee,0.0005,2025-03-20,12178.47,Paid,2025-03-25
FEE00000887,AC000015,Management Fee,0.0007,2025-03-20,15702.98,Paid,2025-03-25
FEE00000748,AC000015,Management Fee,0.0007,2025-04-19,16559.80,Paid,2025-04-24
FEE00000263,AC000056,Performance Fee,0.1162,2025-05-19,6833.90,Paid,2025-05-24
FEE00000559,AC000015,Performance Fee,0.1983,2025-05-19,328102.18,Paid,2025-05-24
FEE00000777,AC000056,Performance Fee,0.1925,2025-06-18,7319.26,Paid,2025-06-23
FEE00000211,AC000056,Management Fee,0.0006,2025-07-18,280.03,Paid,2025-07-23
FEE00000327,AC000015,Management Fee,0.0005,2025-08-17,12763.81,Paid,2025-08-22
FEE00000863,AC000056,Management Fee,0.0004,2025-08-17,189.16,Paid,2025-08-22
FEE00000447,AC000056,Management Fee,0.0011,2025-09-16,476.05,Paid,2025-09-21
FEE00000631,AC000015,Management Fee,0.0006,2025-09-16,13319.56,Paid,2025-09-21
FEE00000783,AC000056,Management Fee,0.0006,2025-09-16,286.15,Paid,2025-09-21
FEE00000053,AC000056,Management Fee,0.0011,2025-10-16,480.69,Paid,2025-10-21
FEE00000928,AC000015,Management Fee,0.0005,2025-11-15,12630.83,Paid,2025-11-20
FEE00000023,AC000026,Management Fee,0.0012,2025-02-18,40260.83,Paid,2025-02-23
FEE00000224,AC000026,Management Fee,0.0006,2025-02-18,21341.68,Paid,2025-02-23
FEE00000830,AC000026,Management Fee,0.0005,2025-02-18,17508.43,Paid,2025-02-23
FEE00000304,AC000026,Management Fee,0.0008,2025-04-19,25783.01,Paid,2025-04-24
FEE00000326,AC000026,Management Fee,0.0007,2025-06-18,24004.21,Paid,2025-06-23
FEE00000581,AC000026,Management Fee,0.0007,2025-06-18,23996.76,Paid,2025-06-23
FEE00000278,AC000026,Management Fee,0.0011,2025-09-16,38068.05,Paid,2025-09-21
FEE00000251,AC000026,Management Fee,0.0006,2025-10-16,20467.11,Paid,2025-10-21
FEE00000793,AC000026,Management Fee,0.0009,2025-12-15,29925.36,Paid,2025-12-20
FEE00000054,AC000059,Performance Fee,0.1364,2025-01-19,11276.80,Paid,2025-01-24
FEE00000766,AC000059,Performance Fee,0.1550,2025-02-18,17273.28,Paid,2025-02-23
FEE00000292,AC000059,Performance Fee,0.1901,2025-05-19,12603.12,Paid,2025-05-24
FEE00000538,AC000059,Performance Fee,0.1183,2025-05-19,9909.19,Paid,2025-05-24
FEE00000448,AC000059,Management Fee,0.0010,2025-06-18,1256.04,Paid,2025-06-23
FEE00000656,AC000059,Management Fee,0.0012,2025-06-18,1479.00,Paid,2025-06-23
FEE00000098,AC000059,Performance Fee,0.1836,2025-07-18,16962.87,Paid,2025-07-23
FEE00000661,AC000059,Management Fee,0.0005,2025-07-18,633.32,Paid,2025-07-23
FEE00000844,AC000059,Management Fee,0.0006,2025-08-17,761.66,Paid,2025-08-22
FEE00000456,AC000059,Management Fee,0.0009,2025-10-16,1040.71,Paid,2025-10-21
FEE00000606,AC000059,Management Fee,0.0004,2025-11-15,530.13,Paid,2025-11-20
FEE00000735,AC000059,Management Fee,0.0010,2025-11-15,1221.26,Paid,2025-11-20
FEE00000790,AC000080,Management Fee,0.0011,2025-01-19,21766.84,Paid,2025-01-24
FEE00000849,AC000004,Management Fee,0.0007,2025-01-19,2731.50,Paid,2025-01-24
FEE00000958,AC000080,Management Fee,0.0009,2025-01-19,18176.22,Paid,2025-01-24
FEE00000030,AC000004,Performance Fee,0.1555,2025-02-18,83888.47,Paid,2025-02-23
FEE00000553,AC000004,Management Fee,0.0012,2025-02-18,4754.03,Paid,2025-02-23
FEE00000194,AC000004,Management Fee,0.0012,2025-03-20,4594.65,Paid,2025-03-25
FEE00000477,AC000080,Transaction Fee,0.0005,2025-03-20,2684.38,Paid,2025-03-25
FEE00000570,AC000080,Performance Fee,0.1106,2025-03-20,284996.76,Paid,2025-03-25
FEE00000008,AC000080,Management Fee,0.0009,2025-04-19,16988.52,Paid,2025-04-24
FEE00000294,AC000080,Management Fee,0.0006,2025-04-19,11641.63,Paid,2025-04-24
FEE00000615,AC000080,Management Fee,0.0010,2025-05-19,19533.33,Paid,2025-05-24
FEE00000634,AC000004,Management Fee,0.0008,2025-05-19,3329.02,Paid,2025-05-24
FEE00000018,AC000004,Management Fee,0.0009,2025-06-18,3480.46,Paid,2025-06-23
FEE00000184,AC000080,Performance Fee,0.1145,2025-06-18,185651.70,Paid,2025-06-23
FEE00000293,AC000080,Management Fee,0.0007,2025-06-18,13648.53,Paid,2025-06-23
FEE00000349,AC000004,Management Fee,0.0005,2025-06-18,1866.77,Paid,2025-06-23
FEE00000492,AC000080,Management Fee,0.0011,2025-06-18,20201.76,Paid,2025-06-23
FEE00000556,AC000004,Performance Fee,0.1073,2025-07-18,43243.80,Paid,2025-07-23
FEE00000605,AC000080,Management Fee,0.0009,2025-07-18,17615.48,Paid,2025-07-23
FEE00000814,AC000004,Management Fee,0.0005,2025-07-18,2177.04,Paid,2025-07-23
FEE00000975,AC000004,Management Fee,0.0008,2025-07-18,3283.56,Paid,2025-07-23
FEE00000225,AC000004,Management Fee,0.0010,2025-08-17,3768.26,Paid,2025-08-22
FEE00000389,AC000080,Management Fee,0.0004,2025-08-17,8379.84,Paid,2025-08-22
FEE00000437,AC000080,Management Fee,0.0011,2025-08-17,20471.37,Paid,2025-08-22
FEE00000904,AC000004,Transaction Fee,0.0003,2025-08-17,110.09,Paid,2025-08-22
FEE00000015,AC000080,Management Fee,0.0007,2025-09-16,13055.18,Paid,2025-09-21
FEE00000038,AC000004,Management Fee,0.0009,2025-09-16,3592.66,Paid,2025-09-21
FEE00000895,AC000080,Management Fee,0.0010,2025-10-16,20110.79,Paid,2025-10-21
FEE00000984,AC000080,Management Fee,0.0006,2025-10-16,12132.66,Paid,2025-10-21
FEE00000718,AC000080,Management Fee,0.0012,2025-11-15,22655.01,Paid,2025-11-20
FEE00000006,AC000080,Management Fee,0.0006,2025-12-15,10912.62,Paid,2025-12-20
FEE00000041,AC000004,Management Fee,0.0011,2025-12-15,4493.22,Paid,2025-12-20
FEE00000158,AC000004,Management Fee,0.0006,2025-12-15,2293.98,Paid,2025-12-20
FEE00000192,AC000004,Management Fee,0.0011,2025-12-15,4379.21,Paid,2025-12-20
FEE00000609,AC000080,Management Fee,0.0010,2025-12-15,18387.45,Paid,2025-12-20
FEE00000195,AC000021,Performance Fee,0.1282,2025-02-18,27167.37,Paid,2025-02-23
FEE00000938,AC000021,Management Fee,0.0005,2025-02-18,1577.92,Paid,2025-02-23
FEE00000957,AC000002,Management Fee,0.0009,2025-02-18,20101.28,Paid,2025-02-23
FEE00000407,AC000021,Management Fee,0.0008,2025-05-19,2513.34,Paid,2025-05-24
FEE00000459,AC000021,Management Fee,0.0005,2025-06-18,1492.63,Paid,2025-06-23
FEE00001052,AC000002,Management Fee,0.0012,2025-06-18,27478.83,Paid,2025-06-23
FEE00000321,AC000002,Transaction Fee,0.0003,2025-07-18,2423.96,Paid,2025-07-23
FEE00000829,AC000002,Management Fee,0.0011,2025-07-18,25473.83,Paid,2025-07-23
FEE00000912,AC000021,Management Fee,0.0011,2025-08-17,3457.23,Paid,2025-08-22
FEE00000057,AC000021,Management Fee,0.0009,2025-09-16,2830.49,Paid,2025-09-21
FEE00000683,AC000021,Transaction Fee,0.0004,2025-09-16,477.46,Paid,2025-09-21
FEE00000872,AC000021,Management Fee,0.0010,2025-11-15,2979.16,Paid,2025-11-20
FEE00000921,AC000002,Management Fee,0.0010,2025-11-15,22070.87,Paid,2025-11-20
FEE00000795,AC000021,Management Fee,0.0012,2025-12-15,3715.64,Paid,2025-12-20
FEE00000799,AC000021,Management Fee,0.0007,2025-12-15,2172.16,Paid,2025-12-20
FEE00000909,AC000021,Management Fee,0.0010,2025-12-15,2969.55,Paid,2025-12-20
FEE00000985,AC000021,Performance Fee,0.1293,2025-12-15,40226.39,Paid,2025-12-20
FEE00000298,AC000005,Performance Fee,0.1893,2025-02-18,24566.35,Paid,2025-02-23
FEE00000804,AC000005,Management Fee,0.0007,2025-03-20,678.51,Paid,2025-03-25
FEE00000208,AC000005,Transaction Fee,0.0002,2025-08-17,78.64,Paid,2025-08-22
FEE00000135,AC000005,Management Fee,0.0012,2025-09-16,1072.31,Paid,2025-09-21
FEE00000679,AC000005,Management Fee,0.0009,2025-10-16,806.36,Paid,2025-10-21
FEE00000711,AC000005,Management Fee,0.0005,2025-10-16,482.76,Paid,2025-10-21
FEE00001071,AC000005,Management Fee,0.0012,2025-11-15,1111.42,Paid,2025-11-20
FEE00000358,AC000063,Management Fee,0.0009,2025-03-20,17900.64,Paid,2025-03-25
FEE00000995,AC000063,Management Fee,0.0006,2025-03-20,11881.22,Paid,2025-03-25
FEE00000637,AC000057,Management Fee,0.0007,2025-04-19,1031.66,Paid,2025-04-24
FEE00000287,AC000063,Performance Fee,0.1531,2025-05-19,384554.72,Paid,2025-05-24
FEE00000430,AC000057,Management Fee,0.0009,2025-05-19,1320.00,Paid,2025-05-24
FEE00000557,AC000057,Transaction Fee,0.0002,2025-05-19,37.76,Paid,2025-05-24
FEE00000578,AC000063,Management Fee,0.0012,2025-05-19,24281.98,Paid,2025-05-24
FEE00000635,AC000063,Management Fee,0.0012,2025-05-19,23825.64,Paid,2025-05-24
FEE00001015,AC000063,Management Fee,0.0012,2025-05-19,24313.59,Paid,2025-05-24
FEE00000218,AC000063,Management Fee,0.0008,2025-06-18,16657.32,Paid,2025-06-23
FEE00000747,AC000057,Management Fee,0.0005,2025-06-18,723.62,Paid,2025-06-23
FEE00000886,AC000057,Management Fee,0.0008,2025-06-18,1129.77,Paid,2025-06-23
FEE00000021,AC000063,Performance Fee,0.1523,2025-07-18,427398.85,Paid,2025-07-23
FEE00000131,AC000057,Management Fee,0.0004,2025-07-18,613.77,Paid,2025-07-23
FEE00000710,AC000057,Management Fee,0.0005,2025-07-18,666.99,Paid,2025-07-23
FEE00000300,AC000063,Management Fee,0.0008,2025-08-17,15977.39,Paid,2025-08-22
FEE00000322,AC000057,Management Fee,0.0010,2025-08-17,1408.09,Paid,2025-08-22
FEE00000612,AC000057,Management Fee,0.0012,2025-08-17,1800.16,Paid,2025-08-22
FEE00000573,AC000063,Management Fee,0.0005,2025-09-16,9674.04,Paid,2025-09-21
FEE00000820,AC000063,Management Fee,0.0005,2025-09-16,9390.67,Paid,2025-09-21
FEE00001060,AC000057,Management Fee,0.0007,2025-09-16,992.76,Paid,2025-09-21
FEE00000024,AC000063,Management Fee,0.0007,2025-10-16,14219.22,Paid,2025-10-21
FEE00000707,AC000063,Performance Fee,0.1259,2025-10-16,214649.37,Paid,2025-10-21
FEE00000299,AC000076,Management Fee,0.0008,2025-02-18,2829.94,Paid,2025-02-23
FEE00000619,AC000076,Management Fee,0.0010,2025-02-18,3439.26,Paid,2025-02-23
FEE00000816,AC000076,Management Fee,0.0010,2025-02-18,3393.26,Paid,2025-02-23
FEE00000080,AC000076,Management Fee,0.0006,2025-03-20,2098.65,Paid,2025-03-25
FEE00000703,AC000076,Management Fee,0.0010,2025-05-19,3589.88,Paid,2025-05-24
FEE00000604,AC000076,Management Fee,0.0009,2025-09-16,3125.34,Paid,2025-09-21
FEE00000620,AC000076,Management Fee,0.0006,2025-09-16,2129.94,Paid,2025-09-21
FEE00000624,AC000076,Transaction Fee,0.0006,2025-12-15,772.28,Paid,2025-12-20
FEE00000726,AC000076,Management Fee,0.0008,2025-12-15,2669.85,Paid,2025-12-20
FEE00000288,AC000013,Management Fee,0.0005,2025-01-19,19853.24,Paid,2025-01-24
FEE00000520,AC000040,Management Fee,0.0008,2025-02-18,7419.21,Paid,2025-02-23
FEE00000949,AC000040,Management Fee,0.0004,2025-02-18,3904.38,Paid,2025-02-23
FEE00001045,AC000013,Management Fee,0.0008,2025-02-18,27861.22,Paid,2025-02-23
FEE00000084,AC000040,Management Fee,0.0011,2025-03-20,10133.51,Paid,2025-03-25
FEE00000876,AC000040,Management Fee,0.0005,2025-03-20,4175.56,Paid,2025-03-25
FEE00000232,AC000040,Performance Fee,0.1161,2025-04-19,143662.67,Paid,2025-04-24
FEE00000353,AC000040,Management Fee,0.0006,2025-04-19,5516.06,Paid,2025-04-24
FEE00001065,AC000040,Performance Fee,0.1995,2025-04-19,173112.18,Paid,2025-04-24
FEE00000042,AC000013,Management Fee,0.0007,2025-05-19,25438.56,Paid,2025-05-24
FEE00000116,AC000065,Management Fee,0.0004,2025-05-19,4346.18,Paid,2025-05-24
FEE00000686,AC000013,Management Fee,0.0009,2025-05-19,32297.26,Paid,2025-05-24
FEE00000893,AC000013,Management Fee,0.0010,2025-05-19,35363.28,Paid,2025-05-24
FEE00000911,AC000013,Transaction Fee,0.0007,2025-05-19,11427.98,Paid,2025-05-24
FEE00000491,AC000065,Management Fee,0.0010,2025-06-18,9787.70,Paid,2025-06-23
FEE00000626,AC000065,Management Fee,0.0008,2025-06-18,8535.34,Paid,2025-06-23
FEE00000684,AC000013,Performance Fee,0.1332,2025-08-17,360115.26,Paid,2025-08-22
FEE00000106,AC000065,Management Fee,0.0007,2025-09-16,6861.63,Paid,2025-09-21
FEE00000174,AC000040,Management Fee,0.0008,2025-09-16,6979.30,Paid,2025-09-21
FEE00000416,AC000013,Management Fee,0.0010,2025-09-16,36336.85,Paid,2025-09-21
FEE00000490,AC000013,Management Fee,0.0012,2025-09-16,44231.03,Paid,2025-09-21
FEE00000705,AC000013,Management Fee,0.0011,2025-09-16,39515.91,Paid,2025-09-21
FEE00000932,AC000040,Management Fee,0.0006,2025-09-16,5466.08,Paid,2025-09-21
FEE00000468,AC000013,Management Fee,0.0008,2025-10-16,28613.28,Paid,2025-10-21
FEE00000948,AC000065,Management Fee,0.0012,2025-10-16,12514.88,Paid,2025-10-21
FEE00000089,AC000040,Management Fee,0.0005,2025-11-15,4276.67,Paid,2025-11-20
FEE00000591,AC000065,Performance Fee,0.1990,2025-11-15,106636.28,Paid,2025-11-20
FEE00000638,AC000013,Management Fee,0.0011,2025-11-15,41598.26,Paid,2025-11-20
FEE00000272,AC000040,Performance Fee,0.1680,2025-12-15,144879.40,Paid,2025-12-20
FEE00000419,AC000013,Management Fee,0.0007,2025-12-15,26118.19,Paid,2025-12-20
FEE00000821,AC000040,Management Fee,0.0006,2025-12-15,5609.21,Paid,2025-12-20
FEE00000473,AC000073,Management Fee,0.0005,2025-01-19,164.93,Paid,2025-01-24
FEE00000903,AC000073,Management Fee,0.0005,2025-01-19,170.95,Paid,2025-01-24
FEE00000925,AC000003,Management Fee,0.0006,2025-01-19,1141.62,Paid,2025-01-24
FEE00000082,AC000073,Management Fee,0.0009,2025-02-18,296.88,Paid,2025-02-23
FEE00000121,AC000073,Management Fee,0.0010,2025-02-18,348.07,Paid,2025-02-23
FEE00000467,AC000073,Management Fee,0.0012,2025-02-18,429.89,Paid,2025-02-23
FEE00000133,AC000003,Performance Fee,0.1808,2025-03-20,31365.93,Paid,2025-03-25
FEE00000215,AC000073,Management Fee,0.0012,2025-03-20,427.83,Paid,2025-03-25
FEE00000261,AC000003,Management Fee,0.0012,2025-04-19,2344.63,Paid,2025-04-24
FEE00000959,AC000003,Management Fee,0.0009,2025-04-19,1785.38,Paid,2025-04-24
FEE00001013,AC000003,Management Fee,0.0005,2025-04-19,1019.01,Paid,2025-04-24
FEE00001021,AC000003,Management Fee,0.0008,2025-04-19,1652.55,Paid,2025-04-24
FEE00000336,AC000073,Management Fee,0.0008,2025-05-19,293.27,Paid,2025-05-24
FEE00000897,AC000073,Management Fee,0.0010,2025-05-19,335.67,Paid,2025-05-24
FEE00001077,AC000073,Management Fee,0.0007,2025-05-19,238.09,Paid,2025-05-24
FEE00000064,AC000003,Performance Fee,0.1146,2025-06-18,17153.73,Paid,2025-06-23
FEE00000099,AC000073,Management Fee,0.0004,2025-06-18,153.92,Paid,2025-06-23
FEE00000434,AC000073,Transaction Fee,0.0010,2025-07-18,69.83,Paid,2025-07-23
FEE00000677,AC000003,Transaction Fee,0.0003,2025-08-17,321.79,Paid,2025-08-22
FEE00000802,AC000073,Performance Fee,0.1599,2025-09-16,5321.38,Paid,2025-09-21
FEE00000076,AC000073,Management Fee,0.0007,2025-11-15,256.86,Paid,2025-11-20
FEE00000464,AC000073,Management Fee,0.0005,2025-11-15,190.86,Paid,2025-11-20
FEE00000813,AC000073,Management Fee,0.0006,2025-11-15,223.09,Paid,2025-11-20
FEE00000943,AC000003,Management Fee,0.0007,2025-12-15,1494.22,Paid,2025-12-20
FEE00000221,AC000045,Management Fee,0.0007,2025-01-19,3562.42,Paid,2025-01-24
FEE00000969,AC000045,Management Fee,0.0005,2025-03-20,2356.49,Paid,2025-03-25
FEE00000533,AC000045,Management Fee,0.0009,2025-05-19,4485.86,Paid,2025-05-24
FEE00000222,AC000045,Management Fee,0.0012,2025-06-18,6123.03,Paid,2025-06-23
FEE00000239,AC000045,Management Fee,0.0011,2025-06-18,5341.02,Paid,2025-06-23
FEE00000113,AC000045,Management Fee,0.0009,2025-07-18,4252.55,Paid,2025-07-23
FEE00000551,AC000045,Management Fee,0.0005,2025-08-17,2372.06,Paid,2025-08-22
FEE00000423,AC000045,Transaction Fee,0.0001,2025-10-16,196.45,Paid,2025-10-21
FEE00000588,AC000045,Performance Fee,0.1556,2025-10-16,102249.07,Paid,2025-10-21
FEE00000128,AC000045,Management Fee,0.0012,2025-11-15,5955.08,Paid,2025-11-20
FEE00000438,AC000045,Management Fee,0.0006,2025-11-15,2918.18,Paid,2025-11-20
FEE00000942,AC000045,Management Fee,0.0012,2025-11-15,5748.29,Paid,2025-11-20
FEE00000145,AC000072,Management Fee,0.0008,2025-01-19,35972.94,Paid,2025-01-24
FEE00000375,AC000072,Performance Fee,0.1149,2025-01-19,686443.02,Paid,2025-01-24
FEE00001039,AC000072,Management Fee,0.0009,2025-02-18,43153.66,Paid,2025-02-23
FEE00001080,AC000072,Management Fee,0.0010,2025-06-18,48038.90,Paid,2025-06-23
FEE00000444,AC000072,Management Fee,0.0007,2025-07-18,32340.24,Paid,2025-07-23
FEE00000965,AC000072,Management Fee,0.0005,2025-08-17,22325.06,Paid,2025-08-22
FEE00000083,AC000072,Performance Fee,0.1512,2025-10-16,707721.93,Paid,2025-10-21
FEE00000536,AC000072,Management Fee,0.0009,2025-12-15,40682.90,Paid,2025-12-20
FEE00000152,AC000039,Management Fee,0.0009,2025-02-18,4515.16,Paid,2025-02-23
FEE00001029,AC000039,Management Fee,0.0008,2025-03-20,4167.23,Paid,2025-03-25
FEE00000091,AC000039,Management Fee,0.0006,2025-04-19,2932.61,Paid,2025-04-24
FEE00000381,AC000039,Management Fee,0.0009,2025-04-19,4509.39,Paid,2025-04-24
FEE00000420,AC000039,Management Fee,0.0012,2025-04-19,6386.13,Paid,2025-04-24
FEE00000212,AC000039,Management Fee,0.0012,2025-05-19,6139.36,Paid,2025-05-24
FEE00000782,AC000039,Performance Fee,0.1827,2025-05-19,51007.71,Paid,2025-05-24
FEE00000234,AC000039,Performance Fee,0.1404,2025-07-18,69451.96,Paid,2025-07-23
FEE00000826,AC000039,Management Fee,0.0006,2025-07-18,2863.66,Paid,2025-07-23
FEE00000395,AC000039,Performance Fee,0.1147,2025-08-17,37816.16,Paid,2025-08-22
FEE00000865,AC000039,Management Fee,0.0009,2025-09-16,4751.96,Paid,2025-09-21
FEE00000377,AC000039,Performance Fee,0.1414,2025-10-16,66305.34,Paid,2025-10-21
FEE00000884,AC000039,Management Fee,0.0010,2025-12-15,5376.06,Paid,2025-12-20
FEE00000582,AC000089,Management Fee,0.0006,2025-02-18,1463.20,Paid,2025-02-23
FEE00000033,AC000089,Management Fee,0.0009,2025-03-20,2440.64,Paid,2025-03-25
FEE00000569,AC000089,Performance Fee,0.1318,2025-04-19,40493.74,Paid,2025-04-24
FEE00000692,AC000089,Management Fee,0.0006,2025-06-18,1645.67,Paid,2025-06-23
FEE00001050,AC000089,Management Fee,0.0004,2025-08-17,1177.81,Paid,2025-08-22
FEE00000654,AC000089,Management Fee,0.0005,2025-09-16,1358.94,Paid,2025-09-21
FEE00000990,AC000089,Management Fee,0.0009,2025-11-15,2334.96,Paid,2025-11-20
FEE00000555,AC000089,Management Fee,0.0006,2025-12-15,1672.85,Paid,2025-12-20
FEE00000394,AC000028,Management Fee,0.0012,2025-01-19,54712.69,Paid,2025-01-24
FEE00000481,AC000028,Management Fee,0.0004,2025-01-19,20021.91,Paid,2025-01-24
FEE00000682,AC000028,Performance Fee,0.1173,2025-03-20,522881.31,Paid,2025-03-25
FEE00000832,AC000028,Transaction Fee,0.0005,2025-03-20,5485.23,Paid,2025-03-25
FEE00000350,AC000028,Management Fee,0.0008,2025-04-19,37380.32,Paid,2025-04-24
FEE00000470,AC000028,Transaction Fee,0.0009,2025-04-19,5195.88,Paid,2025-04-24
FEE00000947,AC000038,Management Fee,0.0012,2025-04-19,36650.34,Paid,2025-04-24
FEE00000599,AC000028,Management Fee,0.0012,2025-05-19,54783.19,Paid,2025-05-24
FEE00000149,AC000028,Management Fee,0.0005,2025-06-18,25034.51,Paid,2025-06-23
FEE00000388,AC000038,Management Fee,0.0007,2025-06-18,19146.46,Paid,2025-06-23
FEE00000182,AC000028,Management Fee,0.0010,2025-07-18,49788.28,Paid,2025-07-23
FEE00000589,AC000038,Transaction Fee,0.0007,2025-07-18,3651.75,Paid,2025-07-23
FEE00000655,AC000028,Management Fee,0.0005,2025-07-18,22884.90,Paid,2025-07-23
FEE00000035,AC000038,Management Fee,0.0008,2025-08-17,22315.76,Paid,2025-08-22
FEE00000687,AC000028,Performance Fee,0.1087,2025-08-17,330497.94,Paid,2025-08-22
FEE00000517,AC000038,Management Fee,0.0009,2025-09-16,25394.91,Paid,2025-09-21
FEE00000660,AC000038,Transaction Fee,0.0003,2025-09-16,1712.02,Paid,2025-09-21
FEE00000924,AC000028,Management Fee,0.0007,2025-09-16,32751.22,Paid,2025-09-21
FEE00001034,AC000038,Management Fee,0.0004,2025-09-16,13007.95,Paid,2025-09-21
FEE00001035,AC000028,Management Fee,0.0007,2025-09-16,32451.96,Paid,2025-09-21
FEE00000476,AC000038,Management Fee,0.0006,2025-10-16,16923.65,Paid,2025-10-21
FEE00000651,AC000028,Performance Fee,0.1867,2025-10-16,716713.51,Paid,2025-10-21
FEE00000761,AC000028,Management Fee,0.0011,2025-10-16,51889.96,Paid,2025-10-21
FEE00000462,AC000028,Management Fee,0.0008,2025-11-15,37100.23,Paid,2025-11-20
FEE00000363,AC000038,Management Fee,0.0008,2025-12-15,23038.16,Paid,2025-12-20
FEE00000731,AC000038,Management Fee,0.0011,2025-12-15,32738.61,Paid,2025-12-20
FEE00000154,AC000058,Management Fee,0.0009,2025-01-19,10833.73,Paid,2025-01-24
FEE00000346,AC000010,Management Fee,0.0008,2025-01-19,1338.15,Paid,2025-01-24
FEE00000667,AC000010,Performance Fee,0.1731,2025-01-19,26670.82,Paid,2025-01-24
FEE00000697,AC000010,Management Fee,0.0005,2025-01-19,829.91,Paid,2025-01-24
FEE00000919,AC000010,Management Fee,0.0004,2025-01-19,733.15,Paid,2025-01-24
FEE00001032,AC000058,Performance Fee,0.1558,2025-01-19,161212.17,Paid,2025-01-24
FEE00000418,AC000058,Performance Fee,0.1991,2025-02-18,312408.89,Paid,2025-02-23
FEE00000457,AC000058,Management Fee,0.0010,2025-04-19,12577.11,Paid,2025-04-24
FEE00000836,AC000058,Performance Fee,0.1816,2025-06-18,194940.01,Paid,2025-06-23
FEE00000774,AC000010,Management Fee,0.0012,2025-07-18,1981.38,Paid,2025-07-23
FEE00000899,AC000058,Management Fee,0.0005,2025-07-18,6391.02,Paid,2025-07-23
FEE00000941,AC000058,Management Fee,0.0012,2025-07-18,14997.79,Paid,2025-07-23
FEE00000032,AC000010,Management Fee,0.0012,2025-08-17,2100.68,Paid,2025-08-22
FEE00000409,AC000010,Transaction Fee,0.0007,2025-08-17,583.08,Paid,2025-08-22
FEE00000745,AC000058,Management Fee,0.0010,2025-08-17,11905.57,Paid,2025-08-22
FEE00000992,AC000010,Management Fee,0.0012,2025-08-17,2049.64,Paid,2025-08-22
FEE00000027,AC000058,Management Fee,0.0011,2025-09-16,13848.67,Paid,2025-09-21
FEE00000511,AC000058,Management Fee,0.0007,2025-09-16,9029.23,Paid,2025-09-21
FEE00000095,AC000010,Management Fee,0.0006,2025-10-16,1069.78,Paid,2025-10-21
FEE00000009,AC000010,Transaction Fee,0.0003,2025-11-15,195.63,Paid,2025-11-20
FEE00000440,AC000058,Management Fee,0.0010,2025-11-15,12143.66,Paid,2025-11-20
FEE00000983,AC000058,Management Fee,0.0009,2025-11-15,11346.19,Paid,2025-11-20
FEE00000002,AC000010,Performance Fee,0.1486,2025-12-15,16647.70,Paid,2025-12-20
FEE00000628,AC000010,Management Fee,0.0006,2025-12-15,1061.97,Paid,2025-12-20
FEE00000764,AC000058,Management Fee,0.0005,2025-12-15,5748.68,Paid,2025-12-20
FEE00001061,AC000010,Performance Fee,0.1559,2025-12-15,15329.93,Paid,2025-12-20
FEE00000797,AC000023,Management Fee,0.0008,2025-02-18,3475.97,Paid,2025-02-23
FEE00000086,AC000023,Management Fee,0.0008,2025-03-20,3155.70,Paid,2025-03-25
FEE00000245,AC000023,Management Fee,0.0012,2025-03-20,5072.48,Paid,2025-03-25
FEE00000305,AC000023,Management Fee,0.0007,2025-04-19,2951.48,Paid,2025-04-24
FEE00001078,AC000023,Management Fee,0.0012,2025-04-19,5152.54,Paid,2025-04-24
FEE00000587,AC000023,Management Fee,0.0012,2025-05-19,4822.51,Paid,2025-05-24
FEE00000094,AC000023,Management Fee,0.0005,2025-06-18,1907.53,Paid,2025-06-23
FEE00000220,AC000023,Management Fee,0.0008,2025-07-18,3112.25,Paid,2025-07-23
FEE00000846,AC000023,Management Fee,0.0006,2025-07-18,2298.77,Paid,2025-07-23
FEE00000189,AC000023,Management Fee,0.0012,2025-08-17,4842.24,Paid,2025-08-22
FEE00000693,AC000023,Management Fee,0.0010,2025-08-17,4073.84,Paid,2025-08-22
FEE00000081,AC000023,Management Fee,0.0005,2025-09-16,2056.20,Paid,2025-09-21
FEE00000280,AC000023,Management Fee,0.0011,2025-09-16,4586.63,Paid,2025-09-21
FEE00000075,AC000023,Management Fee,0.0007,2025-10-16,2761.96,Paid,2025-10-21
FEE00000535,AC000023,Management Fee,0.0004,2025-10-16,1819.08,Paid,2025-10-21
FEE00000252,AC000023,Management Fee,0.0007,2025-11-15,2960.51,Paid,2025-11-20
FEE00000892,AC000023,Management Fee,0.0007,2025-12-15,2856.85,Paid,2025-12-20
FEE00000163,AC000094,Management Fee,0.0007,2025-04-19,2912.81,Paid,2025-04-24
FEE00000175,AC000094,Management Fee,0.0009,2025-04-19,3780.89,Paid,2025-04-24
FEE00000972,AC000094,Management Fee,0.0012,2025-04-19,4751.64,Paid,2025-04-24
FEE00000010,AC000094,Performance Fee,0.1898,2025-05-19,40660.55,Paid,2025-05-24
FEE00000170,AC000094,Management Fee,0.0005,2025-05-19,1852.23,Paid,2025-05-24
FEE00000046,AC000094,Transaction Fee,0.0006,2025-07-18,273.17,Paid,2025-07-23
FEE00000722,AC000094,Management Fee,0.0010,2025-07-18,3903.02,Paid,2025-07-23
FEE00000122,AC000094,Management Fee,0.0010,2025-08-17,3934.78,Paid,2025-08-22
FEE00000519,AC000094,Management Fee,0.0009,2025-08-17,3492.95,Paid,2025-08-22
FEE00000891,AC000094,Management Fee,0.0009,2025-10-16,3794.60,Paid,2025-10-21
FEE00000167,AC000094,Management Fee,0.0011,2025-12-15,4403.95,Paid,2025-12-20
FEE00000140,AC000036,Performance Fee,0.1522,2025-01-19,501784.24,Paid,2025-01-24
FEE00000379,AC000046,Management Fee,0.0007,2025-01-19,15319.82,Paid,2025-01-24
FEE00000962,AC000036,Management Fee,0.0007,2025-01-19,27951.66,Paid,2025-01-24
FEE00000320,AC000036,Management Fee,0.0011,2025-02-18,46207.28,Paid,2025-02-23
FEE00000833,AC000036,Management Fee,0.0005,2025-02-18,18342.23,Paid,2025-02-23
FEE00000160,AC000046,Performance Fee,0.1254,2025-03-20,312390.60,Paid,2025-03-25
FEE00000014,AC000046,Management Fee,0.0012,2025-04-19,28149.04,Paid,2025-04-24
FEE00000853,AC000036,Management Fee,0.0006,2025-04-19,23503.09,Paid,2025-04-24
FEE00000940,AC000036,Management Fee,0.0006,2025-04-19,22891.01,Paid,2025-04-24
FEE00000963,AC000046,Transaction Fee,0.0009,2025-04-19,8743.29,Paid,2025-04-24
FEE00000247,AC000036,Management Fee,0.0012,2025-05-19,49775.94,Paid,2025-05-24
FEE00000411,AC000036,Management Fee,0.0004,2025-05-19,17452.88,Paid,2025-05-24
FEE00000285,AC000036,Management Fee,0.0005,2025-06-18,21475.93,Paid,2025-06-23
FEE00000935,AC000036,Management Fee,0.0012,2025-07-18,48666.53,Paid,2025-07-23
FEE00001053,AC000036,Management Fee,0.0009,2025-07-18,35111.67,Paid,2025-07-23
FEE00000017,AC000036,Management Fee,0.0008,2025-08-17,31028.61,Paid,2025-08-22
FEE00000415,AC000046,Performance Fee,0.1083,2025-08-17,216613.69,Paid,2025-08-22
FEE00000950,AC000046,Performance Fee,0.1750,2025-09-16,570618.37,Paid,2025-09-21
FEE00001048,AC000036,Management Fee,0.0010,2025-10-16,39394.90,Paid,2025-10-21
FEE00000229,AC000036,Management Fee,0.0009,2025-11-15,36392.49,Paid,2025-11-20
FEE00000401,AC000036,Management Fee,0.0005,2025-12-15,21881.84,Paid,2025-12-20
FEE00000472,AC000046,Management Fee,0.0012,2025-12-15,26798.05,Paid,2025-12-20
FEE00000013,AC000016,Performance Fee,0.1913,2025-01-19,71143.99,Paid,2025-01-24
FEE00000560,AC000016,Management Fee,0.0005,2025-02-18,2030.32,Paid,2025-02-23
FEE00000047,AC000016,Management Fee,0.0007,2025-03-20,2770.37,Paid,2025-03-25
FEE00000724,AC000016,Management Fee,0.0006,2025-03-20,2117.86,Paid,2025-03-25
FEE00000313,AC000016,Performance Fee,0.1695,2025-07-18,64367.01,Paid,2025-07-23
FEE00000367,AC000016,Management Fee,0.0005,2025-08-17,1717.41,Paid,2025-08-22
FEE00000778,AC000016,Management Fee,0.0007,2025-08-17,2450.16,Paid,2025-08-22
FEE00000404,AC000016,Management Fee,0.0012,2025-11-15,4463.84,Paid,2025-11-20
FEE00000417,AC000016,Transaction Fee,0.0003,2025-11-15,474.99,Paid,2025-11-20
FEE00001011,AC000016,Transaction Fee,0.0004,2025-12-15,276.33,Paid,2025-12-20
FEE00000186,AC000034,Management Fee,0.0005,2025-01-19,1327.05,Paid,2025-01-24
FEE00000105,AC000092,Management Fee,0.0010,2025-02-18,8906.81,Paid,2025-02-23
FEE00000277,AC000092,Performance Fee,0.1104,2025-02-18,66047.99,Paid,2025-02-23
FEE00000593,AC000092,Management Fee,0.0011,2025-02-18,9358.44,Paid,2025-02-23
FEE00001062,AC000034,Management Fee,0.0005,2025-04-19,1290.82,Paid,2025-04-24
FEE00000173,AC000034,Transaction Fee,0.0005,2025-05-19,570.74,Paid,2025-05-24
FEE00000841,AC000092,Management Fee,0.0012,2025-05-19,10200.65,Paid,2025-05-24
FEE00000380,AC000092,Management Fee,0.0011,2025-06-18,9330.84,Paid,2025-06-23
FEE00000852,AC000034,Transaction Fee,0.0006,2025-06-18,715.81,Paid,2025-06-23
FEE00000854,AC000092,Management Fee,0.0007,2025-06-18,6515.00,Paid,2025-06-23
FEE00001018,AC000092,Performance Fee,0.1105,2025-06-18,137200.31,Paid,2025-06-23
FEE00001073,AC000034,Management Fee,0.0012,2025-06-18,3355.55,Paid,2025-06-23
FEE00000732,AC000092,Management Fee,0.0012,2025-07-18,10007.22,Paid,2025-07-23
FEE00000900,AC000034,Performance Fee,0.1864,2025-07-18,46870.36,Paid,2025-07-23
FEE00000266,AC000092,Management Fee,0.0009,2025-08-17,7530.65,Paid,2025-08-22
FEE00000275,AC000034,Performance Fee,0.1919,2025-08-17,34348.70,Paid,2025-08-22
FEE00000613,AC000034,Management Fee,0.0008,2025-08-17,2257.53,Paid,2025-08-22
FEE00000198,AC000092,Management Fee,0.0006,2025-09-16,4897.57,Paid,2025-09-21
FEE00000499,AC000034,Management Fee,0.0004,2025-09-16,1224.63,Paid,2025-09-21
FEE00000165,AC000092,Management Fee,0.0004,2025-11-15,3896.25,Paid,2025-11-20
FEE00000269,AC000034,Management Fee,0.0007,2025-11-15,1789.65,Paid,2025-11-20
FEE00000796,AC000092,Management Fee,0.0011,2025-11-15,9736.41,Paid,2025-11-20
FEE00000953,AC000092,Management Fee,0.0010,2025-11-15,9100.03,Paid,2025-11-20
FEE00000483,AC000092,Management Fee,0.0006,2025-12-15,5252.00,Paid,2025-12-20
FEE00000487,AC000008,Management Fee,0.0006,2025-01-19,2169.42,Paid,2025-01-24
FEE00000097,AC000008,Management Fee,0.0005,2025-02-18,1659.04,Paid,2025-02-23
FEE00000365,AC000008,Management Fee,0.0007,2025-02-18,2423.61,Paid,2025-02-23
FEE00000773,AC000077,Performance Fee,0.1278,2025-02-18,34167.25,Paid,2025-02-23
FEE00000528,AC000008,Performance Fee,0.1392,2025-03-20,40064.58,Paid,2025-03-25
FEE00000945,AC000077,Management Fee,0.0011,2025-04-19,4291.14,Paid,2025-04-24
FEE00000513,AC000077,Management Fee,0.0008,2025-05-19,2850.48,Paid,2025-05-24
FEE00000233,AC000077,Management Fee,0.0006,2025-06-18,2377.14,Paid,2025-06-23
FEE00000563,AC000077,Management Fee,0.0012,2025-06-18,4543.46,Paid,2025-06-23
FEE00000991,AC000008,Performance Fee,0.1723,2025-06-18,42718.34,Paid,2025-06-23
FEE00000231,AC000008,Management Fee,0.0012,2025-07-18,4281.40,Paid,2025-07-23
FEE00001028,AC000008,Management Fee,0.0011,2025-10-16,3958.14,Paid,2025-10-21
FEE00000850,AC000031,Management Fee,0.0005,2025-03-20,1469.25,Paid,2025-03-25
FEE00000045,AC000031,Management Fee,0.0008,2025-04-19,2541.38,Paid,2025-04-24
FEE00000314,AC000031,Management Fee,0.0012,2025-04-19,3570.44,Paid,2025-04-24
FEE00000623,AC000031,Management Fee,0.0005,2025-04-19,1488.94,Paid,2025-04-24
FEE00001047,AC000031,Performance Fee,0.1436,2025-06-18,23851.75,Paid,2025-06-23
FEE00000109,AC000031,Management Fee,0.0011,2025-08-17,3334.53,Paid,2025-08-22
FEE00000495,AC000031,Management Fee,0.0006,2025-09-16,1813.82,Paid,2025-09-21
FEE00000608,AC000031,Management Fee,0.0012,2025-09-16,3614.84,Paid,2025-09-21
FEE00000180,AC000031,Transaction Fee,0.0005,2025-12-15,471.05,Paid,2025-12-20
FEE00001000,AC000031,Management Fee,0.0006,2025-12-15,1728.91,Paid,2025-12-20
FEE00000999,AC000018,Management Fee,0.0012,2025-01-19,1161.93,Paid,2025-01-24
FEE00000888,AC000018,Performance Fee,0.1120,2025-04-19,10888.28,Paid,2025-04-24
FEE00000689,AC000018,Management Fee,0.0004,2025-06-18,419.15,Paid,2025-06-23
FEE00000209,AC000018,Management Fee,0.0006,2025-07-18,543.63,Paid,2025-07-23
FEE00000120,AC000018,Management Fee,0.0006,2025-08-17,591.63,Paid,2025-08-22
FEE00000837,AC000018,Management Fee,0.0006,2025-08-17,536.09,Paid,2025-08-22
FEE00000870,AC000018,Management Fee,0.0007,2025-10-16,689.12,Paid,2025-10-21
FEE00001037,AC000018,Performance Fee,0.1913,2025-10-16,9668.22,Paid,2025-10-21
FEE00000930,AC000043,Management Fee,0.0012,2025-05-19,2171.17,Paid,2025-05-24
FEE00000256,AC000043,Management Fee,0.0006,2025-06-18,1041.44,Paid,2025-06-23
FEE00000431,AC000043,Management Fee,0.0009,2025-07-18,1698.59,Paid,2025-07-23
FEE00000770,AC000043,Management Fee,0.0008,2025-07-18,1514.25,Paid,2025-07-23
FEE00000216,AC000043,Performance Fee,0.1921,2025-08-17,19698.49,Paid,2025-08-22
FEE00000646,AC000043,Management Fee,0.0009,2025-09-16,1675.41,Paid,2025-09-21
FEE00000539,AC000043,Performance Fee,0.1545,2025-10-16,28213.68,Paid,2025-10-21
FEE00000151,AC000001,Management Fee,0.0011,2025-02-18,537.48,Paid,2025-02-23
FEE00000408,AC000001,Management Fee,0.0005,2025-02-18,268.24,Paid,2025-02-23
FEE00000340,AC000001,Performance Fee,0.1750,2025-03-20,10413.36,Paid,2025-03-25
FEE00000500,AC000001,Management Fee,0.0006,2025-06-18,307.78,Paid,2025-06-23
FEE00000074,AC000001,Management Fee,0.0005,2025-07-18,243.95,Paid,2025-07-23
FEE00000725,AC000001,Management Fee,0.0005,2025-08-17,238.24,Paid,2025-08-22
FEE00000546,AC000001,Management Fee,0.0009,2025-09-16,441.73,Paid,2025-09-21
FEE00000148,AC000001,Management Fee,0.0005,2025-10-16,271.72,Paid,2025-10-21
FEE00000227,AC000001,Management Fee,0.0007,2025-11-15,361.71,Paid,2025-11-20
FEE00000817,AC000001,Management Fee,0.0007,2025-12-15,343.40,Paid,2025-12-20
FEE00000575,AC000069,Management Fee,0.0004,2025-02-18,188.14,Paid,2025-02-23
FEE00000137,AC000069,Management Fee,0.0010,2025-05-19,426.01,Paid,2025-05-24
FEE00000583,AC000069,Management Fee,0.0007,2025-06-18,309.56,Paid,2025-06-23
FEE00000352,AC000069,Management Fee,0.0007,2025-08-17,302.83,Paid,2025-08-22
FEE00000005,AC000069,Management Fee,0.0008,2025-09-16,337.57,Paid,2025-09-21
FEE00000527,AC000069,Management Fee,0.0010,2025-09-16,424.23,Paid,2025-09-21
FEE00000003,AC000069,Transaction Fee,0.0010,2025-10-16,178.70,Paid,2025-10-21
FEE00000883,AC000069,Management Fee,0.0010,2025-10-16,417.49,Paid,2025-10-21
FEE00000568,AC000069,Management Fee,0.0010,2025-11-15,436.20,Paid,2025-11-20
FEE00000297,AC000044,Management Fee,0.0007,2025-02-18,24445.77,Paid,2025-02-23
FEE00000522,AC000044,Management Fee,0.0006,2025-02-18,22832.70,Paid,2025-02-23
FEE00000641,AC000044,Management Fee,0.0005,2025-03-20,18849.32,Paid,2025-03-25
FEE00000629,AC000044,Management Fee,0.0006,2025-04-19,21406.53,Paid,2025-04-24
FEE00000936,AC000044,Management Fee,0.0012,2025-04-19,44921.64,Paid,2025-04-24
FEE00000716,AC000044,Performance Fee,0.2000,2025-05-19,705782.43,Paid,2025-05-24
FEE00000776,AC000044,Management Fee,0.0009,2025-05-19,34493.01,Paid,2025-05-24
FEE00000812,AC000044,Management Fee,0.0012,2025-05-19,43556.39,Paid,2025-05-24
FEE00000260,AC000044,Management Fee,0.0012,2025-07-18,45326.49,Paid,2025-07-23
FEE00000337,AC000044,Performance Fee,0.1200,2025-07-18,519301.85,Paid,2025-07-23
FEE00000758,AC000044,Management Fee,0.0004,2025-07-18,16508.61,Paid,2025-07-23
FEE00000329,AC000044,Management Fee,0.0010,2025-08-17,37310.44,Paid,2025-08-22
FEE00000566,AC000044,Management Fee,0.0011,2025-08-17,40198.63,Paid,2025-08-22
FEE00001041,AC000044,Management Fee,0.0007,2025-08-17,27159.92,Paid,2025-08-22
FEE00000746,AC000044,Transaction Fee,0.0010,2025-09-16,13105.05,Paid,2025-09-21
FEE00000406,AC000044,Management Fee,0.0012,2025-10-16,44213.80,Paid,2025-10-21
FEE00001020,AC000044,Performance Fee,0.1854,2025-10-16,387896.32,Paid,2025-10-21
FEE00000019,AC000044,Transaction Fee,0.0010,2025-11-15,12961.47,Paid,2025-11-20
FEE00000290,AC000044,Management Fee,0.0010,2025-11-15,36642.62,Paid,2025-11-20
FEE00000580,AC000044,Management Fee,0.0007,2025-12-15,26201.80,Paid,2025-12-20
FEE00000805,AC000044,Management Fee,0.0006,2025-12-15,21372.91,Paid,2025-12-20
FEE00000177,AC000084,Performance Fee,0.1869,2025-03-20,9715.82,Paid,2025-03-25
FEE00001051,AC000084,Transaction Fee,0.0005,2025-03-20,71.95,Paid,2025-03-25
FEE00000301,AC000084,Management Fee,0.0010,2025-04-19,366.59,Paid,2025-04-24
FEE00000037,AC000084,Management Fee,0.0008,2025-05-19,292.37,Paid,2025-05-24
FEE00000072,AC000084,Transaction Fee,0.0010,2025-05-19,125.53,Paid,2025-05-24
FEE00000815,AC000084,Performance Fee,0.1261,2025-05-19,2535.16,Paid,2025-05-24
FEE00000425,AC000084,Management Fee,0.0012,2025-06-18,438.18,Paid,2025-06-23
FEE00000309,AC000084,Management Fee,0.0006,2025-09-16,211.45,Paid,2025-09-21
FEE00000449,AC000084,Performance Fee,0.1470,2025-09-16,7535.25,Paid,2025-09-21
FEE00000858,AC000084,Management Fee,0.0010,2025-10-16,354.32,Paid,2025-10-21
FEE00000255,AC000084,Management Fee,0.0012,2025-11-15,418.12,Paid,2025-11-20
FEE00000547,AC000084,Management Fee,0.0006,2025-12-15,213.64,Paid,2025-12-20
FEE00000118,AC000029,Management Fee,0.0012,2025-03-20,5428.59,Paid,2025-03-25
FEE00000922,AC000029,Performance Fee,0.1386,2025-03-20,50492.89,Paid,2025-03-25
FEE00000056,AC000029,Management Fee,0.0009,2025-05-19,4198.47,Paid,2025-05-24
FEE00000789,AC000029,Management Fee,0.0010,2025-05-19,4626.23,Paid,2025-05-24
FEE00000259,AC000029,Transaction Fee,0.0004,2025-08-17,874.32,Paid,2025-08-22
FEE00000385,AC000029,Management Fee,0.0012,2025-10-16,5529.02,Paid,2025-10-21
FEE00000611,AC000029,Management Fee,0.0012,2025-10-16,5684.27,Paid,2025-10-21
FEE00000022,AC000029,Management Fee,0.0011,2025-11-15,4869.00,Paid,2025-11-20
FEE00000104,AC000029,Management Fee,0.0009,2025-12-15,3951.82,Paid,2025-12-20
FEE00000762,AC000029,Management Fee,0.0004,2025-12-15,1931.67,Paid,2025-12-20
FEE00001009,AC000029,Management Fee,0.0007,2025-12-15,3265.99,Paid,2025-12-20
FEE00000596,AC000085,Management Fee,0.0010,2025-01-19,21487.11,Paid,2025-01-24
FEE00000276,AC000085,Management Fee,0.0009,2025-02-18,20319.93,Paid,2025-02-23
FEE00000443,AC000085,Performance Fee,0.1713,2025-02-18,386735.62,Paid,2025-02-23
FEE00000712,AC000085,Management Fee,0.0012,2025-02-18,26888.63,Paid,2025-02-23
FEE00000051,AC000085,Performance Fee,0.1937,2025-03-20,453935.35,Paid,2025-03-25
FEE00000286,AC000085,Management Fee,0.0004,2025-04-19,10087.90,Paid,2025-04-24
FEE00000515,AC000085,Management Fee,0.0012,2025-04-19,27836.06,Paid,2025-04-24
FEE00000603,AC000085,Management Fee,0.0007,2025-04-19,15278.69,Paid,2025-04-24
FEE00000244,AC000085,Management Fee,0.0007,2025-05-19,16779.00,Paid,2025-05-24
FEE00000296,AC000085,Management Fee,0.0005,2025-05-19,10743.96,Paid,2025-05-24
FEE00000065,AC000085,Performance Fee,0.1454,2025-10-16,275263.98,Paid,2025-10-21
FEE00000768,AC000085,Management Fee,0.0006,2025-10-16,13693.48,Paid,2025-10-21
FEE00000171,AC000085,Transaction Fee,0.0008,2025-12-15,2252.25,Paid,2025-12-20
FEE00000399,AC000085,Performance Fee,0.1692,2025-12-15,277618.58,Paid,2025-12-20
FEE00000505,AC000007,Management Fee,0.0010,2025-01-19,558.49,Paid,2025-01-24
FEE00000088,AC000007,Management Fee,0.0005,2025-02-18,249.99,Paid,2025-02-23
FEE00000978,AC000007,Management Fee,0.0011,2025-02-18,597.56,Paid,2025-02-23
FEE00000714,AC000007,Performance Fee,0.1444,2025-04-19,5677.84,Paid,2025-04-24
FEE00000955,AC000007,Management Fee,0.0006,2025-04-19,345.24,Paid,2025-04-24
FEE00000059,AC000007,Management Fee,0.0008,2025-06-18,431.82,Paid,2025-06-23
FEE00000552,AC000007,Management Fee,0.0007,2025-06-18,396.18,Paid,2025-06-23
FEE00000981,AC000007,Management Fee,0.0011,2025-06-18,598.10,Paid,2025-06-23
FEE00001008,AC000007,Management Fee,0.0008,2025-07-18,449.02,Paid,2025-07-23
FEE00000453,AC000007,Performance Fee,0.1076,2025-09-16,7679.18,Paid,2025-09-21
FEE00000785,AC000007,Management Fee,0.0011,2025-09-16,580.09,Paid,2025-09-21
FEE00001036,AC000007,Management Fee,0.0009,2025-11-15,499.87,Paid,2025-11-20
FEE00000196,AC000037,Transaction Fee,0.0004,2025-02-18,749.85,Paid,2025-02-23
FEE00000354,AC000037,Management Fee,0.0010,2025-03-20,14250.20,Paid,2025-03-25
FEE00000172,AC000037,Management Fee,0.0011,2025-07-18,16196.39,Paid,2025-07-23
FEE00000067,AC000037,Management Fee,0.0008,2025-08-17,11924.84,Paid,2025-08-22
FEE00000478,AC000037,Management Fee,0.0012,2025-08-17,18158.20,Paid,2025-08-22
FEE00000050,AC000037,Performance Fee,0.1339,2025-09-16,288007.21,Paid,2025-09-21
FEE00000176,AC000037,Management Fee,0.0008,2025-09-16,11826.90,Paid,2025-09-21
FEE00000700,AC000037,Management Fee,0.0005,2025-11-15,8007.97,Paid,2025-11-20
FEE00000784,AC000037,Management Fee,0.0004,2025-11-15,6454.61,Paid,2025-11-20
FEE00000859,AC000037,Management Fee,0.0006,2025-11-15,9454.65,Paid,2025-11-20
FEE00000934,AC000037,Management Fee,0.0005,2025-11-15,6963.44,Paid,2025-11-20
FEE00000728,AC000037,Management Fee,0.0005,2025-12-15,7529.23,Paid,2025-12-20
FEE00001076,AC000037,Management Fee,0.0011,2025-12-15,15532.11,Paid,2025-12-20
FEE00000489,AC000053,Management Fee,0.0007,2025-01-19,15385.39,Paid,2025-01-24
FEE00000585,AC000053,Performance Fee,0.1741,2025-03-20,367201.53,Paid,2025-03-25
FEE00000715,AC000053,Management Fee,0.0005,2025-03-20,10034.82,Paid,2025-03-25
FEE00000601,AC000053,Management Fee,0.0004,2025-04-19,8801.24,Paid,2025-04-24
FEE00001066,AC000053,Management Fee,0.0011,2025-06-18,22888.44,Paid,2025-06-23
FEE00000864,AC000053,Management Fee,0.0007,2025-09-16,13555.87,Paid,2025-09-21
FEE00000361,AC000053,Management Fee,0.0008,2025-11-15,15774.89,Paid,2025-11-20
FEE00000268,AC000053,Management Fee,0.0010,2025-12-15,20172.50,Paid,2025-12-20
FEE00000885,AC000022,Management Fee,0.0010,2025-01-19,3616.73,Paid,2025-01-24
FEE00000825,AC000022,Management Fee,0.0009,2025-03-20,3141.65,Paid,2025-03-25
FEE00001067,AC000022,Performance Fee,0.1033,2025-03-20,48798.76,Paid,2025-03-25
FEE00000110,AC000022,Management Fee,0.0012,2025-09-16,4243.90,Paid,2025-09-21
FEE00000427,AC000022,Transaction Fee,0.0010,2025-10-16,533.18,Paid,2025-10-21
FEE00000469,AC000022,Management Fee,0.0010,2025-11-15,3690.23,Paid,2025-11-20
FEE00000455,AC000086,Management Fee,0.0006,2025-06-18,473.50,Paid,2025-06-23
FEE00000147,AC000086,Performance Fee,0.1359,2025-07-18,9572.93,Paid,2025-07-23
FEE00000668,AC000086,Management Fee,0.0012,2025-07-18,957.31,Paid,2025-07-23
FEE00000178,AC000086,Performance Fee,0.1619,2025-08-17,8262.20,Paid,2025-08-22
FEE00000374,AC000086,Management Fee,0.0007,2025-08-17,524.67,Paid,2025-08-22
FEE00000439,AC000086,Management Fee,0.0009,2025-08-17,685.09,Paid,2025-08-22
FEE00000765,AC000086,Management Fee,0.0008,2025-11-15,631.41,Paid,2025-11-20
FEE00000328,AC000086,Management Fee,0.0008,2025-12-15,637.70,Paid,2025-12-20
FEE00000823,AC000086,Management Fee,0.0006,2025-12-15,435.22,Paid,2025-12-20
FEE00000445,AC000030,Management Fee,0.0010,2025-01-19,1168.53,Paid,2025-01-24
FEE00000857,AC000030,Management Fee,0.0012,2025-01-19,1471.60,Paid,2025-01-24
FEE00000839,AC000030,Management Fee,0.0008,2025-04-19,913.75,Paid,2025-04-24
FEE00001010,AC000030,Management Fee,0.0010,2025-04-19,1157.95,Paid,2025-04-24
FEE00001064,AC000030,Management Fee,0.0010,2025-04-19,1166.93,Paid,2025-04-24
FEE00000093,AC000030,Performance Fee,0.1366,2025-06-18,11983.85,Paid,2025-06-23
FEE00000028,AC000030,Transaction Fee,0.0009,2025-08-17,103.95,Paid,2025-08-22
FEE00000827,AC000030,Management Fee,0.0005,2025-08-17,641.65,Paid,2025-08-22
FEE00000436,AC000030,Management Fee,0.0009,2025-10-16,1077.68,Paid,2025-10-21
FEE00000694,AC000030,Management Fee,0.0006,2025-10-16,764.16,Paid,2025-10-21
FEE00000723,AC000030,Management Fee,0.0008,2025-11-15,956.13,Paid,2025-11-20
FEE00000204,AC000011,Management Fee,0.0012,2025-01-19,26824.35,Paid,2025-01-24
FEE00000422,AC000011,Management Fee,0.0007,2025-01-19,15593.40,Paid,2025-01-24
FEE00000011,AC000011,Management Fee,0.0007,2025-03-20,15325.22,Paid,2025-03-25
FEE00001040,AC000055,Management Fee,0.0005,2025-03-20,291.85,Paid,2025-03-25
FEE00000282,AC000055,Transaction Fee,0.0003,2025-04-19,60.92,Paid,2025-04-24
FEE00000382,AC000011,Management Fee,0.0012,2025-04-19,26731.82,Paid,2025-04-24
FEE00001006,AC000011,Management Fee,0.0007,2025-04-19,15847.94,Paid,2025-04-24
FEE00000523,AC000055,Management Fee,0.0012,2025-08-17,718.95,Paid,2025-08-22
FEE00001017,AC000055,Management Fee,0.0012,2025-09-16,717.77,Paid,2025-09-21
FEE00000107,AC000055,Management Fee,0.0010,2025-11-15,611.75,Paid,2025-11-20
FEE00000410,AC000055,Management Fee,0.0005,2025-11-15,331.52,Paid,2025-11-20
FEE00000124,AC000087,Management Fee,0.0005,2025-01-19,1756.07,Paid,2025-01-24
FEE00000877,AC000097,Management Fee,0.0004,2025-01-19,7759.25,Paid,2025-01-24
FEE00000384,AC000097,Management Fee,0.0010,2025-02-18,17954.12,Paid,2025-02-23
FEE00000741,AC000087,Management Fee,0.0008,2025-02-18,2871.15,Paid,2025-02-23
FEE00000579,AC000087,Management Fee,0.0009,2025-03-20,3301.51,Paid,2025-03-25
FEE00000780,AC000097,Management Fee,0.0006,2025-03-20,9995.95,Paid,2025-03-25
FEE00000077,AC000097,Management Fee,0.0011,2025-04-19,19204.56,Paid,2025-04-24
FEE00000210,AC000097,Management Fee,0.0011,2025-04-19,19334.03,Paid,2025-04-24
FEE00000738,AC000097,Management Fee,0.0008,2025-04-19,14218.77,Paid,2025-04-24
FEE00000146,AC000097,Management Fee,0.0012,2025-05-19,20484.08,Paid,2025-05-24
FEE00000454,AC000097,Management Fee,0.0008,2025-05-19,14651.37,Paid,2025-05-24
FEE00000471,AC000087,Performance Fee,0.1192,2025-05-19,52377.36,Paid,2025-05-24
FEE00001058,AC000087,Management Fee,0.0009,2025-06-18,3582.27,Paid,2025-06-23
FEE00000240,AC000087,Management Fee,0.0007,2025-08-17,2621.56,Paid,2025-08-22
FEE00000498,AC000087,Management Fee,0.0011,2025-08-17,4094.41,Paid,2025-08-22
FEE00000567,AC000087,Management Fee,0.0007,2025-08-17,2466.96,Paid,2025-08-22
FEE00000103,AC000097,Management Fee,0.0010,2025-09-16,17892.85,Paid,2025-09-21
FEE00000253,AC000097,Management Fee,0.0012,2025-09-16,20023.06,Paid,2025-09-21
FEE00000264,AC000097,Management Fee,0.0006,2025-09-16,10805.00,Paid,2025-09-21
FEE00000366,AC000097,Performance Fee,0.1773,2025-10-16,353176.10,Paid,2025-10-21
FEE00001059,AC000097,Management Fee,0.0008,2025-11-15,13072.65,Paid,2025-11-20
FEE00000501,AC000097,Management Fee,0.0006,2025-12-15,9991.20,Paid,2025-12-20
FEE00000691,AC000087,Management Fee,0.0010,2025-12-15,3969.33,Paid,2025-12-20
FEE00000096,AC000035,Management Fee,0.0005,2025-02-18,8463.49,Paid,2025-02-23
FEE00000183,AC000035,Performance Fee,0.1983,2025-04-19,355815.81,Paid,2025-04-24
FEE00000964,AC000035,Management Fee,0.0006,2025-04-19,10569.30,Paid,2025-04-24
FEE00000085,AC000035,Management Fee,0.0008,2025-06-18,13162.47,Paid,2025-06-23
FEE00000283,AC000035,Performance Fee,0.1324,2025-06-18,170130.01,Paid,2025-06-23
FEE00000721,AC000035,Management Fee,0.0011,2025-08-17,18920.18,Paid,2025-08-22
FEE00000763,AC000035,Transaction Fee,0.0009,2025-09-16,7508.06,Paid,2025-09-21
FEE00000807,AC000035,Management Fee,0.0012,2025-10-16,20186.80,Paid,2025-10-21
FEE00000020,AC000035,Management Fee,0.0010,2025-11-15,17682.21,Paid,2025-11-20
FEE00000460,AC000035,Performance Fee,0.1619,2025-12-15,368678.93,Paid,2025-12-20
FEE00000896,AC000035,Management Fee,0.0011,2025-12-15,19553.43,Paid,2025-12-20
FEE00000659,AC000060,Management Fee,0.0010,2025-01-19,3821.73,Paid,2025-01-24
FEE00000753,AC000060,Management Fee,0.0012,2025-02-18,4817.63,Paid,2025-02-23
FEE00000952,AC000060,Management Fee,0.0005,2025-03-20,1892.59,Paid,2025-03-25
FEE00000291,AC000060,Management Fee,0.0007,2025-04-19,2887.25,Paid,2025-04-24
FEE00000193,AC000060,Performance Fee,0.1481,2025-05-19,59280.68,Paid,2025-05-24
FEE00000036,AC000060,Management Fee,0.0008,2025-06-18,3081.30,Paid,2025-06-23
FEE00000729,AC000060,Performance Fee,0.1505,2025-06-18,53394.69,Paid,2025-06-23
FEE00000598,AC000060,Management Fee,0.0008,2025-08-17,3170.50,Paid,2025-08-22
FEE00000926,AC000060,Performance Fee,0.1992,2025-08-17,40125.55,Paid,2025-08-22
FEE00000012,AC000060,Management Fee,0.0008,2025-09-16,3320.16,Paid,2025-09-21
FEE00000923,AC000060,Management Fee,0.0012,2025-09-16,4569.33,Paid,2025-09-21
FEE00000617,AC000060,Management Fee,0.0008,2025-10-16,3076.24,Paid,2025-10-21
FEE00000630,AC000047,Management Fee,0.0005,2025-01-19,16262.83,Paid,2025-01-24
FEE00000373,AC000047,Management Fee,0.0005,2025-02-18,17588.57,Paid,2025-02-23
FEE00000982,AC000047,Management Fee,0.0005,2025-02-18,16561.80,Paid,2025-02-23
FEE00000217,AC000014,Transaction Fee,0.0004,2025-03-20,329.60,Paid,2025-03-25
FEE00000571,AC000014,Management Fee,0.0009,2025-04-19,3852.97,Paid,2025-04-24
FEE00000771,AC000047,Management Fee,0.0006,2025-04-19,19679.05,Paid,2025-04-24
FEE00000270,AC000047,Management Fee,0.0006,2025-05-19,21119.21,Paid,2025-05-24
FEE00000330,AC000047,Management Fee,0.0012,2025-05-19,39726.38,Paid,2025-05-24
FEE00000378,AC000014,Management Fee,0.0006,2025-05-19,2418.04,Paid,2025-05-24
FEE00000243,AC000014,Management Fee,0.0006,2025-06-18,2663.50,Paid,2025-06-23
FEE00000318,AC000047,Management Fee,0.0009,2025-06-18,27987.18,Paid,2025-06-23
FEE00000800,AC000047,Management Fee,0.0005,2025-07-18,15581.89,Paid,2025-07-23
FEE00001001,AC000014,Management Fee,0.0011,2025-07-18,4464.02,Paid,2025-07-23
FEE00000073,AC000014,Management Fee,0.0006,2025-08-17,2562.36,Paid,2025-08-22
FEE00000650,AC000047,Management Fee,0.0007,2025-08-17,22357.81,Paid,2025-08-22
FEE00000867,AC000047,Management Fee,0.0005,2025-08-17,14827.16,Paid,2025-08-22
FEE00000049,AC000047,Transaction Fee,0.0003,2025-10-16,2622.56,Paid,2025-10-21
FEE00000391,AC000014,Management Fee,0.0010,2025-10-16,4180.90,Paid,2025-10-21
FEE00000482,AC000014,Management Fee,0.0007,2025-10-16,2741.92,Paid,2025-10-21
FEE00000397,AC000014,Transaction Fee,0.0010,2025-11-15,1491.80,Paid,2025-11-20
FEE00000592,AC000014,Management Fee,0.0012,2025-11-15,5083.18,Paid,2025-11-20
FEE00000772,AC000014,Management Fee,0.0005,2025-11-15,2063.17,Paid,2025-11-20
FEE00000525,AC000047,Management Fee,0.0011,2025-12-15,37637.36,Paid,2025-12-20
FEE00000562,AC000014,Management Fee,0.0008,2025-12-15,3389.73,Paid,2025-12-20
FEE00000779,AC000014,Performance Fee,0.1735,2025-12-15,66318.70,Paid,2025-12-20
FEE00000961,AC000014,Management Fee,0.0006,2025-12-15,2447.16,Paid,2025-12-20
FEE00000063,AC000032,Transaction Fee,0.0006,2025-01-19,2272.88,Paid,2025-01-24
FEE00001022,AC000049,Transaction Fee,0.0003,2025-01-19,4679.03,Paid,2025-01-24
FEE00000602,AC000032,Performance Fee,0.1633,2025-02-18,344072.82,Paid,2025-02-23
FEE00000031,AC000032,Performance Fee,0.1032,2025-03-20,268805.75,Paid,2025-03-25
FEE00000610,AC000032,Management Fee,0.0010,2025-03-20,28875.77,Paid,2025-03-25
FEE00000801,AC000032,Performance Fee,0.1061,2025-03-20,281168.99,Paid,2025-03-25
FEE00000869,AC000032,Management Fee,0.0007,2025-03-20,21136.04,Paid,2025-03-25
FEE00000594,AC000049,Performance Fee,0.1191,2025-04-19,350099.75,Paid,2025-04-24
FEE00000090,AC000049,Management Fee,0.0008,2025-05-19,31840.06,Paid,2025-05-24
FEE00000230,AC000032,Management Fee,0.0008,2025-05-19,23783.79,Paid,2025-05-24
FEE00000274,AC000049,Management Fee,0.0009,2025-05-19,32996.58,Paid,2025-05-24
FEE00000798,AC000032,Management Fee,0.0009,2025-05-19,25810.61,Paid,2025-05-24
FEE00000237,AC000032,Transaction Fee,0.0005,2025-06-18,7068.64,Paid,2025-06-23
FEE00000669,AC000032,Management Fee,0.0012,2025-06-18,35978.43,Paid,2025-06-23
FEE00000101,AC000049,Management Fee,0.0008,2025-07-18,31056.08,Paid,2025-07-23
FEE00000848,AC000032,Management Fee,0.0007,2025-07-18,21315.16,Paid,2025-07-23
FEE00000345,AC000049,Performance Fee,0.1256,2025-08-17,533535.52,Paid,2025-08-22
FEE00000996,AC000049,Performance Fee,0.1760,2025-09-16,486037.01,Paid,2025-09-21
FEE00000548,AC000032,Management Fee,0.0012,2025-10-16,36859.33,Paid,2025-10-21
FEE00000828,AC000049,Management Fee,0.0008,2025-10-16,31992.13,Paid,2025-10-21
FEE00000537,AC000032,Management Fee,0.0011,2025-11-15,32345.37,Paid,2025-11-20
FEE00000664,AC000049,Management Fee,0.0006,2025-11-15,21257.26,Paid,2025-11-20
FEE00001031,AC000049,Management Fee,0.0009,2025-11-15,35811.69,Paid,2025-11-20
FEE00000138,AC000032,Performance Fee,0.1216,2025-12-15,224971.92,Paid,2025-12-20
FEE00000188,AC000051,Management Fee,0.0005,2025-01-19,1377.18,Paid,2025-01-24
FEE00000412,AC000051,Management Fee,0.0011,2025-01-19,3095.81,Paid,2025-01-24
FEE00000452,AC000051,Management Fee,0.0008,2025-04-19,2355.02,Paid,2025-04-24
FEE00000621,AC000051,Management Fee,0.0005,2025-05-19,1315.46,Paid,2025-05-24
FEE00000503,AC000051,Management Fee,0.0009,2025-07-18,2664.59,Paid,2025-07-23
FEE00000956,AC000051,Management Fee,0.0006,2025-07-18,1695.76,Paid,2025-07-23
FEE00000966,AC000051,Management Fee,0.0008,2025-07-18,2248.54,Paid,2025-07-23
FEE00000359,AC000051,Management Fee,0.0008,2025-09-16,2415.84,Paid,2025-09-21
FEE00000530,AC000051,Management Fee,0.0007,2025-09-16,2070.33,Paid,2025-09-21
FEE00000441,AC000051,Management Fee,0.0006,2025-10-16,1790.20,Paid,2025-10-21
FEE00000166,AC000051,Performance Fee,0.1916,2025-12-15,31545.73,Paid,2025-12-20
FEE00000586,AC000051,Transaction Fee,0.0004,2025-12-15,385.80,Paid,2025-12-20
FEE00000119,AC000082,Management Fee,0.0011,2025-01-19,2674.84,Paid,2025-01-24
FEE00000025,AC000082,Management Fee,0.0005,2025-02-18,1246.17,Paid,2025-02-23
FEE00000413,AC000082,Performance Fee,0.1337,2025-03-20,27422.67,Paid,2025-03-25
FEE00000663,AC000082,Performance Fee,0.1104,2025-03-20,33757.49,Paid,2025-03-25
FEE00000310,AC000082,Management Fee,0.0007,2025-04-19,1693.84,Paid,2025-04-24
FEE00000744,AC000082,Management Fee,0.0010,2025-04-19,2515.95,Paid,2025-04-24
FEE00000749,AC000082,Management Fee,0.0011,2025-05-19,2670.25,Paid,2025-05-24
FEE00000542,AC000082,Management Fee,0.0010,2025-06-18,2527.06,Paid,2025-06-23
FEE00000226,AC000082,Management Fee,0.0008,2025-10-16,1966.46,Paid,2025-10-21
FEE00000153,AC000082,Performance Fee,0.1384,2025-12-15,42440.82,Paid,2025-12-20
FEE00000474,AC000081,Management Fee,0.0012,2025-01-19,37766.51,Paid,2025-01-24
FEE00000835,AC000081,Management Fee,0.0011,2025-01-19,35166.08,Paid,2025-01-24
FEE00000307,AC000081,Management Fee,0.0005,2025-02-18,17014.98,Paid,2025-02-23
FEE00000136,AC000081,Management Fee,0.0009,2025-06-18,27553.66,Paid,2025-06-23
FEE00000831,AC000081,Management Fee,0.0006,2025-06-18,19623.20,Paid,2025-06-23
FEE00001063,AC000081,Transaction Fee,0.0008,2025-06-18,11416.89,Paid,2025-06-23
FEE00000125,AC000081,Management Fee,0.0012,2025-11-15,39321.12,Paid,2025-11-20
FEE00000127,AC000081,Management Fee,0.0007,2025-11-15,21989.63,Paid,2025-11-20
FEE00000874,AC000081,Management Fee,0.0010,2025-11-15,32129.21,Paid,2025-11-20
FEE00000187,AC000025,Management Fee,0.0011,2025-01-19,45023.63,Paid,2025-01-24
FEE00000315,AC000025,Management Fee,0.0008,2025-01-19,30789.11,Paid,2025-01-24
FEE00000862,AC000025,Performance Fee,0.1362,2025-02-18,419734.28,Paid,2025-02-23
FEE00001075,AC000025,Management Fee,0.0005,2025-02-18,21621.99,Paid,2025-02-23
FEE00000347,AC000025,Management Fee,0.0008,2025-03-20,33370.79,Paid,2025-03-25
FEE00000258,AC000025,Management Fee,0.0006,2025-05-19,25916.66,Paid,2025-05-24
FEE00001027,AC000025,Management Fee,0.0007,2025-06-18,29142.25,Paid,2025-06-23
FEE00000207,AC000025,Management Fee,0.0006,2025-08-17,25127.21,Paid,2025-08-22
FEE00000918,AC000025,Management Fee,0.0005,2025-09-16,18841.13,Paid,2025-09-21
FEE00000267,AC000025,Management Fee,0.0008,2025-10-16,32295.82,Paid,2025-10-21
FEE00000860,AC000025,Management Fee,0.0004,2025-11-15,17981.13,Paid,2025-11-20
FEE00000917,AC000025,Management Fee,0.0011,2025-11-15,46970.36,Paid,2025-11-20
FEE00001004,AC000025,Management Fee,0.0009,2025-11-15,35544.41,Paid,2025-11-20
FEE00000203,AC000025,Management Fee,0.0007,2025-12-15,29375.08,Paid,2025-12-20
FEE00000257,AC000020,Management Fee,0.0010,2025-01-19,2317.11,Paid,2025-01-24
FEE00000273,AC000020,Management Fee,0.0007,2025-02-18,1628.41,Paid,2025-02-23
FEE00000369,AC000020,Performance Fee,0.1492,2025-02-18,49038.98,Paid,2025-02-23
FEE00000742,AC000020,Performance Fee,0.1057,2025-03-20,26554.35,Paid,2025-03-25
FEE00000514,AC000020,Management Fee,0.0009,2025-04-19,2112.54,Paid,2025-04-24
FEE00000507,AC000020,Performance Fee,0.1835,2025-05-19,23853.19,Paid,2025-05-24
FEE00000681,AC000020,Management Fee,0.0008,2025-06-18,1852.91,Paid,2025-06-23
FEE00001056,AC000020,Transaction Fee,0.0009,2025-07-18,383.03,Paid,2025-07-23
FEE00000250,AC000020,Management Fee,0.0008,2025-08-17,1946.17,Paid,2025-08-22
FEE00000342,AC000020,Management Fee,0.0005,2025-08-17,1205.03,Paid,2025-08-22
FEE00000502,AC000020,Management Fee,0.0007,2025-08-17,1640.39,Paid,2025-08-22
FEE00000977,AC000020,Performance Fee,0.1152,2025-08-17,23701.09,Paid,2025-08-22
FEE00000190,AC000020,Management Fee,0.0008,2025-09-16,1957.95,Paid,2025-09-21
FEE00000205,AC000020,Management Fee,0.0007,2025-09-16,1615.57,Paid,2025-09-21
FEE00000432,AC000020,Management Fee,0.0008,2025-11-15,1824.47,Paid,2025-11-20
FEE00000997,AC000020,Transaction Fee,0.0008,2025-11-15,206.67,Paid,2025-11-20
FEE00000111,AC000071,Management Fee,0.0009,2025-01-19,34974.83,Paid,2025-01-24
FEE00000386,AC000071,Management Fee,0.0008,2025-01-19,31236.44,Paid,2025-01-24
FEE00000760,AC000071,Management Fee,0.0005,2025-01-19,17588.74,Paid,2025-01-24
FEE00000185,AC000071,Management Fee,0.0008,2025-02-18,30588.17,Paid,2025-02-23
FEE00000421,AC000071,Performance Fee,0.1427,2025-03-20,276575.89,Paid,2025-03-25
FEE00000426,AC000071,Management Fee,0.0011,2025-04-19,41047.81,Paid,2025-04-24
FEE00000840,AC000071,Management Fee,0.0008,2025-04-19,32072.58,Paid,2025-04-24
FEE00000856,AC000071,Performance Fee,0.1158,2025-05-19,274632.54,Paid,2025-05-24
FEE00000060,AC000071,Management Fee,0.0007,2025-08-17,28736.41,Paid,2025-08-22
FEE00000213,AC000071,Management Fee,0.0005,2025-08-17,21263.07,Paid,2025-08-22
FEE00000644,AC000071,Performance Fee,0.1493,2025-08-17,323701.28,Paid,2025-08-22
FEE00000717,AC000071,Management Fee,0.0009,2025-11-15,33758.37,Paid,2025-11-20
FEE00000843,AC000071,Management Fee,0.0009,2025-11-15,33637.31,Paid,2025-11-20
